Free Pascal Compiler version 3.2.2+dfsg-50 [2026/05/17] for x86_64
Copyright (c) 1993-2021 by Florian Klaempfl and others
Target OS: Linux for x86-64
Compiling slftp.lpr
Compiling ./libs/mORMot2/src/core/mormot.core.fpcx64mm.pas
Compiling commandlineutil.pas
Compiling ./libs/rcmdline/rcmdline.pas
rcmdline.pas(450,15) Warning: Local variable "res" of a managed type does not seem to be initialized
rcmdline.pas(759,88) Warning: Local variable "value" of a managed type does not seem to be initialized
rcmdline.pas(601,3) Warning: Function result variable does not seem to be initialized
rcmdline.pas(846,34) Warning: Local variable "errorMessage" of a managed type does not seem to be initialized
rcmdline.pas(916,18) Warning: function result variable of a managed type does not seem to be initialized
rcmdline.pas(966,13) Warning: Local variable "args" of a managed type does not seem to be initialized
Compiling encinifile.pas
Compiling slmd5.pas
Compiling slcriticalsection2.pas
Compiling sltimer.pas
Compiling debugunit.pas
Compiling configunit.pas
Compiling encinifile.pas
Compiling slblowfish.pas
Compiling delphiblowfish.pas
Compiling delphiblowfishtools.pas
Compiling configunit.pas
encinifile.pas(420,43) Warning: Conversion between ordinals and pointers is not portable
encinifile.pas(420,43) Warning: Converting pointers to signed integers may result in wrong comparison results and range errors, use an unsigned type instead.
encinifile.pas(454,26) Warning: Conversion between ordinals and pointers is not portable
encinifile.pas(454,26) Warning: Converting pointers to signed integers may result in wrong comparison results and range errors, use an unsigned type instead.
Compiling irc.pas
Compiling tasksunit.pas
Compiling queueunit.pas
Compiling taskrace.pas
Compiling pazo.pas
Compiling kb.releaseinfo.pas
Compiling knowngroups.pas
Compiling mygrouphelpers.pas
Compiling ./libs/TRegExpr/RegExpr.pas
Compiling ./libs/TRegExpr/regexpr_unicodedata.pas
RegExpr.pas(1403,16) Note: Call to subroutine "function TRegExpr.Exec(const AInputString:UnicodeString):Boolean;" marked as inline is not inlined
RegExpr.pas(1597,34) Warning: Implicit string type conversion with potential data loss from "UnicodeString" to "AnsiString"
RegExpr.pas(1652,41) Warning: Implicit string type conversion with potential data loss from "UnicodeString" to "AnsiString"
RegExpr.pas(2080,35) Note: Call to subroutine "function TRegExpr.IsCompiled:Boolean;" marked as inline is not inlined
RegExpr.pas(2602,3) Note: Call to subroutine "procedure TRegExpr.EmitC(ch:WideChar);" marked as inline is not inlined
RegExpr.pas(2603,3) Note: Call to subroutine "procedure TRegExpr.EmitC(ch:WideChar);" marked as inline is not inlined
RegExpr.pas(4616,23) Warning: Local variable "ret" does not seem to be initialized
RegExpr.pas(4289,16) Warning: Local variable "RangeBeg" does not seem to be initialized
RegExpr.pas(6604,5) Note: Call to subroutine "procedure TRegExpr.ClearMatches;" marked as inline is not inlined
RegExpr.pas(6619,5) Note: Call to subroutine "procedure TRegExpr.ClearMatches;" marked as inline is not inlined
RegExpr.pas(6634,5) Note: Call to subroutine "procedure TRegExpr.ClearMatches;" marked as inline is not inlined
RegExpr.pas(6654,5) Note: Call to subroutine "procedure TRegExpr.ClearMatches;" marked as inline is not inlined
RegExpr.pas(6660,5) Note: Call to subroutine "procedure TRegExpr.ClearMatches;" marked as inline is not inlined
RegExpr.pas(6808,15) Note: Call to subroutine "function TRegExpr.ExecPrimProtected(AOffset:LongInt;ASlowChecks:Boolean;ABackward:Boolean;ATryMatchOnlyStartingBefore:LongInt):Boolean;" marked as inline is not inlined
RegExpr.pas(6812,17) Note: Call to subroutine "function TRegExpr.ExecPrimProtected(AOffset:LongInt;ASlowChecks:Boolean;ABackward:Boolean;ATryMatchOnlyStartingBefore:LongInt):Boolean;" marked as inline is not inlined
RegExpr.pas(7077,5) Warning: function result variable of a managed type does not seem to be initialized
RegExpr.pas(7258,73) Warning: Implicit string type conversion with potential data loss from "UnicodeString" to "AnsiString"
RegExpr.pas(7261,54) Warning: Implicit string type conversion with potential data loss from "UnicodeString" to "AnsiString"
RegExpr.pas(7792,1) Warning: function result variable of a managed type does not seem to be initialized
RegExpr.pas(7940,19) Warning: Implicit string type conversion from "AnsiString" to "UnicodeString"
RegExpr.pas(8014,24) Warning: Implicit string type conversion from "AnsiString" to "UnicodeString"
RegExpr.pas(8041,26) Warning: Implicit string type conversion from "AnsiString" to "UnicodeString"
RegExpr.pas(8118,33) Warning: Implicit string type conversion from "AnsiString" to "UnicodeString"
RegExpr.pas(8123,34) Warning: Implicit string type conversion from "AnsiString" to "UnicodeString"
RegExpr.pas(8123,73) Warning: Implicit string type conversion from "AnsiString" to "UnicodeString"
RegExpr.pas(8128,33) Warning: Implicit string type conversion from "AnsiString" to "UnicodeString"
RegExpr.pas(8134,26) Warning: Implicit string type conversion from "AnsiString" to "UnicodeString"
RegExpr.pas(8141,26) Warning: Implicit string type conversion from "AnsiString" to "UnicodeString"
RegExpr.pas(8170,29) Warning: Implicit string type conversion from "AnsiString" to "UnicodeString"
RegExpr.pas(8171,25) Warning: Implicit string type conversion from "AnsiString" to "UnicodeString"
RegExpr.pas(8008,17) Warning: Local variable "BranchEndStack" of a managed type does not seem to be initialized
RegExpr.pas(8295,13) Warning: Local variable "FirstVarLenOp" does not seem to be initialized
RegExpr.pas(8594,10) Warning: Implicit string type conversion with potential data loss from "UnicodeString" to "AnsiString"
mygrouphelpers.pas(71,35) Warning: Implicit string type conversion from "AnsiString" to "UnicodeString"
mygrouphelpers.pas(71,16) Warning: Implicit string type conversion with potential data loss from "UnicodeString" to "AnsiString"
mygrouphelpers.pas(86,35) Warning: Implicit string type conversion from "AnsiString" to "UnicodeString"
mygrouphelpers.pas(86,16) Warning: Implicit string type conversion with potential data loss from "UnicodeString" to "AnsiString"
Compiling mainthread.pas
Compiling identserver.pas
Compiling ./libs/Indy10/System/IdGlobal.pas
Compiling ./libs/Indy10/System/IdException.pas
Compiling ./libs/Indy10/System/IdResourceStrings.pas
Writing Resource String Table file: IdResourceStrings.rsj
Compiling ./libs/Indy10/System/IdStream.pas
Compiling ./libs/Indy10/System/IdStreamVCL.pas
IdGlobal.pas(2778,1) Warning: function result variable of a managed type does not seem to be initialized
IdGlobal.pas(5011,24) Note: Call to subroutine "function InterlockedCompareExchangePtr(var VTarget:Pointer;const AValue:Pointer;const Compare:Pointer):^untyped;" marked as inline is not inlined
IdGlobal.pas(6568,3) Note: Local variable "LVoid" is assigned but never used
IdGlobal.pas(6648,42) Hint: Local variable "LErr" does not seem to be initialized
IdGlobal.pas(6766,34) Hint: Local variable "LErr" does not seem to be initialized
IdGlobal.pas(6837,27) Warning: Local variable "dotpos" does not seem to be initialized
IdGlobal.pas(6837,8) Warning: Local variable "colonpos" does not seem to be initialized
IdGlobal.pas(6922,49) Hint: Local variable "LErr" does not seem to be initialized
IdGlobal.pas(1893,33) Hint: Parameter "AThread" not used
IdGlobal.pas(1893,93) Hint: Parameter "APolicy" not used
IdGlobal.pas(1894,31) Hint: Parameter "AName" not used
IdGlobal.pas(1894,106) Hint: Parameter "AThreadID" not used
IdGlobal.pas(8488,4) Hint: "formal parameter" not yet supported inside inline procedure/function
IdGlobal.pas(8488,4) Hint: Inlining disabled
IdGlobal.pas(8595,4) Hint: "formal parameter" not yet supported inside inline procedure/function
IdGlobal.pas(8595,4) Hint: Inlining disabled
IdGlobal.pas(8604,29) Hint: Local variable "$result" does not seem to be initialized
IdGlobal.pas(8909,4) Hint: "formal parameter" not yet supported inside inline procedure/function
IdGlobal.pas(8909,4) Hint: Inlining disabled
IdGlobal.pas(8940,53) Hint: Local variable "LBytes" of a managed type does not seem to be initialized
IdGlobal.pas(8974,43) Hint: Local variable "$result" does not seem to be initialized
IdGlobal.pas(9149,48) Note: Call to subroutine "function RawToBytes(const AValue:<Formal type>;const ASize:LongInt):{Dynamic} Array Of Byte;" marked as inline is not inlined
IdGlobal.pas(1443,25) Hint: Parameter "VBuffer" not used
IdGlobal.pas(1443,44) Hint: Parameter "AOffset" not used
IdGlobal.pas(1443,53) Hint: Parameter "ACount" not used
IdGlobal.pas(1480,26) Hint: Parameter "Buffer" not used
IdGlobal.pas(1480,34) Hint: Parameter "Count" not used
IdGlobal.pas(9429,13) Note: Call to subroutine "function AnsiCompareText(const S1:AnsiString;const S2:AnsiString):LongInt;" marked as inline is not inlined
IdGlobal.pas(9479,15) Note: Call to subroutine "function AnsiCompareText(const S1:AnsiString;const S2:AnsiString):LongInt;" marked as inline is not inlined
IdGlobal.pas(9523,15) Note: Call to subroutine "function AnsiCompareText(const S1:AnsiString;const S2:AnsiString):LongInt;" marked as inline is not inlined
IdGlobal.pas(9555,13) Note: Call to subroutine "function AnsiCompareStr(const S1:AnsiString;const S2:AnsiString):LongInt;" marked as inline is not inlined
IdGlobal.pas(9733,43) Hint: Variable "$result" of a managed type does not seem to be initialized
IdGlobal.pas(9942,10) Note: Call to subroutine "function AnsiCompareText(const S1:AnsiString;const S2:AnsiString):LongInt;" marked as inline is not inlined
IdGlobal.pas(9959,13) Note: Call to subroutine "function AnsiCompareText(const S1:AnsiString;const S2:AnsiString):LongInt;" marked as inline is not inlined
IdGlobal.pas(9988,13) Note: Call to subroutine "function AnsiCompareText(const S1:AnsiString;const S2:AnsiString):LongInt;" marked as inline is not inlined
IdGlobal.pas(10004,13) Note: Call to subroutine "function AnsiCompareText(const S1:AnsiString;const S2:AnsiString):LongInt;" marked as inline is not inlined
IdGlobal.pas(10154,4) Hint: "formal parameter" not yet supported inside inline procedure/function
IdGlobal.pas(10154,4) Hint: Inlining disabled
IdGlobal.pas(551,23) Hint: Unit "Sockets" not used in IdGlobal
Compiling ./libs/Indy10/Core/IdContext.pas
Compiling ./libs/Indy10/Core/IdSocketHandle.pas
Compiling ./libs/Indy10/System/IdStackConsts.pas
Compiling ./libs/Indy10/System/IdCTypes.pas
Compiling ./libs/Indy10/System/IdStack.pas
Compiling ./libs/Indy10/System/IdStackUnix.pas
Compiling ./libs/Indy10/System/IdStackBSDBase.pas
Compiling ./libs/Indy10/System/IdStackUnix.pas
Compiling ./libs/Indy10/System/IdResourceStringsUnix.pas
Writing Resource String Table file: IdResourceStringsUnix.rsj
IdStackUnix.pas(421,1) Warning: function result variable of a managed type does not seem to be initialized
IdStackUnix.pas(926,35) Warning: Local variable "LI" of a managed type does not seem to be initialized
IdStackBSDBase.pas(369,1) Warning: function result variable of a managed type does not seem to be initialized
IdStackBSDBase.pas(461,34) Warning: Local variable "Tmp" does not seem to be initialized
IdStackBSDBase.pas(490,26) Warning: Local variable "Tmp" does not seem to be initialized
IdStack.pas(775,12) Note: Call to subroutine "function AnsiCompareText(const S1:AnsiString;const S2:AnsiString):LongInt;" marked as inline is not inlined
IdStack.pas(784,12) Note: Call to subroutine "function AnsiCompareText(const S1:AnsiString;const S2:AnsiString):LongInt;" marked as inline is not inlined
Compiling ./libs/Indy10/System/IdAntiFreezeBase.pas
Compiling ./libs/Indy10/System/IdBaseComponent.pas
Compiling ./libs/Indy10/System/IdComponent.pas
Compiling ./libs/Indy10/Core/IdTCPConnection.pas
Compiling ./libs/Indy10/Core/IdExceptionCore.pas
Compiling ./libs/Indy10/Core/IdIntercept.pas
Compiling ./libs/Indy10/Core/IdResourceStringsCore.pas
Writing Resource String Table file: IdResourceStringsCore.rsj
Compiling ./libs/Indy10/Core/IdIOHandler.pas
Compiling ./libs/Indy10/Core/IdBuffer.pas
IdIOHandler.pas(2264,11) Note: Call to subroutine "function IndyLength(const ABuffer:AnsiString;const ALength:LongInt=`-1`;const AIndex:LongInt=`1`):LongInt;" marked as inline is not inlined
Compiling ./libs/Indy10/Core/IdIOHandlerSocket.pas
Compiling ./libs/Indy10/Core/IdCustomTransparentProxy.pas
Compiling ./libs/Indy10/Core/IdSocks.pas
Compiling ./libs/Indy10/Core/IdAssignedNumbers.pas
Compiling ./libs/Indy10/Core/IdIPAddress.pas
Compiling ./libs/Indy10/Core/IdTCPClient.pas
Compiling ./libs/Indy10/Core/IdTCPConnection.pas
Compiling ./libs/Indy10/Core/IdReply.pas
Compiling ./libs/Indy10/Core/IdReplyRFC.pas
IdTCPConnection.pas(723,9) Note: Call to subroutine "procedure IdDisposeAndNil(var Obj:<Formal type>);" marked as inline is not inlined
IdTCPConnection.pas(889,13) Note: Call to subroutine "function AnsiCompareText(const S1:AnsiString;const S2:AnsiString):LongInt;" marked as inline is not inlined
Compiling ./libs/Indy10/Core/IdIOHandlerStack.pas
IdSocks.pas(893,5) Warning: function result variable of a managed type does not seem to be initialized
IdSocks.pas(907,12) Warning: function result variable of a managed type does not seem to be initialized
IdIOHandlerSocket.pas(470,11) Note: Call to subroutine "procedure IdDisposeAndNil(var Obj:<Formal type>);" marked as inline is not inlined
IdIOHandlerSocket.pas(483,13) Note: Call to subroutine "procedure IdDisposeAndNil(var Obj:<Formal type>);" marked as inline is not inlined
IdIOHandlerSocket.pas(500,9) Note: Call to subroutine "procedure IdDisposeAndNil(var Obj:<Formal type>);" marked as inline is not inlined
Compiling ./libs/Indy10/Core/IdTask.pas
Compiling ./libs/Indy10/Core/IdYarn.pas
Compiling ./libs/Indy10/Core/IdThreadSafe.pas
IdContext.pas(157,5) Note: Call to subroutine "procedure IdDisposeAndNil(var Obj:<Formal type>);" marked as inline is not inlined
Compiling ./libs/Indy10/Protocols/IdIdentServer.pas
Compiling ./libs/Indy10/Core/IdCustomTCPServer.pas
Compiling ./libs/Indy10/Core/IdScheduler.pas
Compiling ./libs/Indy10/Core/IdServerIOHandler.pas
Compiling ./libs/Indy10/Core/IdThread.pas
Compiling ./libs/Indy10/Core/IdSchedulerOfThread.pas
IdSchedulerOfThread.pas(235,5) Note: Call to subroutine "procedure IdDisposeAndNil(var Obj:<Formal type>);" marked as inline is not inlined
IdThread.pas(560,7) Note: Call to subroutine "procedure IdDisposeAndNil(var Obj:<Formal type>);" marked as inline is not inlined
IdThread.pas(677,11) Note: Call to subroutine "procedure IdDisposeAndNil(var Obj:<Formal type>);" marked as inline is not inlined
IdThread.pas(687,5) Note: Call to subroutine "procedure IdDisposeAndNil(var Obj:<Formal type>);" marked as inline is not inlined
Compiling ./libs/Indy10/Core/IdServerIOHandlerStack.pas
Compiling ./libs/Indy10/Core/IdServerIOHandlerSocket.pas
Compiling ./libs/Indy10/Core/IdGlobalCore.pas
Compiling ./libs/Indy10/Core/IdSchedulerOfThreadDefault.pas
IdCustomTCPServer.pas(695,7) Note: Call to subroutine "procedure IdDisposeAndNil(var Obj:<Formal type>);" marked as inline is not inlined
IdCustomTCPServer.pas(743,7) Note: Call to subroutine "procedure IdDisposeAndNil(var Obj:<Formal type>);" marked as inline is not inlined
Compiling sitesunit.pas
Compiling sltcp.pas
Compiling mslproxys.pas
Compiling slstack.pas
Compiling slssl.pas
Compiling ./libs/mORMot2/src/lib/mormot.lib.openssl11.pas
Compiling ./libs/mORMot2/src/core/mormot.core.base.pas
mormot.core.base.pas(4220,48) Warning: Some fields coming after "VType" were not initialized
mormot.core.base.pas(4221,51) Warning: Some fields coming after "VType" were not initialized
mormot.core.base.pas(4222,63) Warning: Some fields coming before "VInteger" were not initialized
Compiling ./libs/mORMot2/src/core/mormot.core.os.pas
mormot.core.os.posix.inc(1563,40) Warning: Symbol "faHidden" is not portable
mormot.core.os.posix.inc(1566,38) Warning: Symbol "faHidden" is not portable
mormot.core.os.posix.inc(1573,39) Warning: Symbol "faSysFile" is not portable
mormot.core.os.posix.inc(1575,39) Warning: Symbol "faSymLink" is not portable
mormot.core.os.pas(7397,89) Warning: Symbol "faSysFile" is not portable
mormot.core.os.pas(7404,40) Warning: Symbol "faHidden" is not portable
mormot.core.os.pas(7411,40) Warning: Symbol "faHidden" is not portable
mormot.core.os.pas(7422,38) Warning: Symbol "faHidden" is not portable
Compiling ./libs/mORMot2/src/core/mormot.core.os.security.pas
Compiling ./libs/mORMot2/src/net/mormot.net.sock.pas
mormot.net.sock.pas(6504,19) Warning: Converting pointers to signed integers may result in wrong comparison results and range errors, use an unsigned type instead.
mormot.lib.openssl11.pas(2873,14) Note: Call to subroutine "function Join(const Args:{Open} Array Of RawByteString):AnsiString;" marked as inline is not inlined
mormot.lib.openssl11.pas(2877,12) Note: Call to subroutine "function Join(const Args:{Open} Array Of RawByteString):AnsiString;" marked as inline is not inlined
mormot.lib.openssl11.pas(7778,3) Note: Call to subroutine "procedure BIO.Free;" marked as inline is not inlined
mormot.lib.openssl11.pas(7857,3) Note: Call to subroutine "procedure X509_EXTENSION.Free;" marked as inline is not inlined
mormot.lib.openssl11.pas(7897,3) Note: Call to subroutine "procedure EVP_PKEY.Free;" marked as inline is not inlined
mormot.lib.openssl11.pas(7931,17) Note: Call to subroutine "function Join(const Args:{Open} Array Of RawByteString):AnsiString;" marked as inline is not inlined
mormot.lib.openssl11.pas(7941,17) Note: Call to subroutine "function Join(const Args:{Open} Array Of RawByteString):AnsiString;" marked as inline is not inlined
mormot.lib.openssl11.pas(7975,12) Note: Call to subroutine "function Join(const Args:{Open} Array Of RawByteString):AnsiString;" marked as inline is not inlined
mormot.lib.openssl11.pas(8169,46) Note: Call to subroutine "function ASN1_OBJECT.NID:LongInt;" marked as inline is not inlined
mormot.lib.openssl11.pas(8323,12) Note: Call to subroutine "function asn1_string_st.Len:LongInt;" marked as inline is not inlined
mormot.lib.openssl11.pas(8366,3) Note: Call to subroutine "procedure X509_CRL.Free;" marked as inline is not inlined
mormot.lib.openssl11.pas(8401,56) Note: Call to subroutine "function X509.GetSubjectName:^X509_NAME;" marked as inline is not inlined
mormot.lib.openssl11.pas(8585,5) Note: Call to subroutine "procedure DynArrayFakeLength(arr:Pointer;len:Int64);" marked as inline is not inlined
mormot.lib.openssl11.pas(8735,9) Note: Call to subroutine "function X509.GetSerial:^ASN1_INTEGER;" marked as inline is not inlined
mormot.lib.openssl11.pas(8835,5) Note: Call to subroutine "procedure X509.Free;" marked as inline is not inlined
mormot.lib.openssl11.pas(8875,7) Note: Call to subroutine "procedure X509.Free;" marked as inline is not inlined
mormot.lib.openssl11.pas(9344,19) Note: Call to subroutine "function Join(const Args:{Open} Array Of RawByteString):AnsiString;" marked as inline is not inlined
mormot.lib.openssl11.pas(9649,61) Note: Call to subroutine "function Join(const Args:{Open} Array Of RawByteString):AnsiString;" marked as inline is not inlined
mormot.lib.openssl11.pas(9696,3) Note: Call to subroutine "procedure PKCS12.Free;" marked as inline is not inlined
mormot.lib.openssl11.pas(9761,31) Warning: Local variable "pwd" of a managed type does not seem to be initialized
mormot.lib.openssl11.pas(9938,12) Note: Call to subroutine "function Join(const Args:{Open} Array Of RawByteString):AnsiString;" marked as inline is not inlined
mormot.lib.openssl11.pas(9940,17) Note: Call to subroutine "function Join(const Args:{Open} Array Of RawByteString):AnsiString;" marked as inline is not inlined
mormot.lib.openssl11.pas(10101,35) Warning: Local variable "lu" does not seem to be initialized
mormot.lib.openssl11.pas(10102,19) Warning: Local variable "lf" does not seem to be initialized
mormot.lib.openssl11.pas(10698,5) Note: Call to subroutine "procedure DynArrayFakeLength(arr:Pointer;len:Int64);" marked as inline is not inlined
mormot.lib.openssl11.pas(10864,15) Note: Call to subroutine "function Join(const Args:{Open} Array Of RawByteString):AnsiString;" marked as inline is not inlined
mormot.lib.openssl11.pas(10948,9) Note: Call to subroutine "procedure MoveByOne(Source:Pointer;Dest:Pointer;Count:QWord);" marked as inline is not inlined
mormot.lib.openssl11.pas(11041,67) Note: Call to subroutine "function TNetSocketWrap.Socket:Int64;" marked as inline is not inlined
mormot.lib.openssl11.pas(11325,63) Note: Call to subroutine "function TNetSocketWrap.Socket:Int64;" marked as inline is not inlined
mormot.lib.openssl11.pas(11473,34) Note: Call to subroutine "function TNetSocketWrap.Socket:Int64;" marked as inline is not inlined
Compiling ./libs/mORMot2/src/crypt/mormot.crypt.openssl.pas
Compiling ./libs/mORMot2/src/core/mormot.core.rtti.pas
Compiling ./libs/mORMot2/src/core/mormot.core.unicode.pas
Compiling ./libs/mORMot2/src/core/mormot.core.text.pas
mormot.core.rtti.fpc.inc(618,18) Note: Call to subroutine "function TInterfaceData.GetMethodTable:^TIntfMethodTable;" marked as inline is not inlined
mormot.core.rtti.fpc.inc(641,15) Note: Call to subroutine "function TVmtMethodParam.GetNext:^TVmtMethodParam;" marked as inline is not inlined
mormot.core.rtti.fpc.inc(652,11) Note: Call to subroutine "function TIntfMethodEntry.GetNext:^TIntfMethodEntry;" marked as inline is not inlined
mormot.core.rtti.pas(3621,10) Note: Call to subroutine "function PropNameEquals(P1:PChar;P2:PChar;P1Len:Int64;P2Len:Int64):Boolean;" marked as inline is not inlined
mormot.core.rtti.pas(4074,6) Note: Call to subroutine "function GetInt64(P:PUtf8Char;var err:LongInt):Int64;" marked as inline is not inlined
mormot.core.rtti.pas(4137,13) Note: Call to subroutine "function TRttiInfo.SetEnumType:^TRttiEnumType;" marked as inline is not inlined
mormot.core.rtti.pas(4166,17) Note: Call to subroutine "function TRttiInfo.SetEnumType:^TRttiEnumType;" marked as inline is not inlined
mormot.core.rtti.pas(4374,27) Note: Call to subroutine "function TRttiInfo.AnsiStringCodePage:LongInt;" marked as inline is not inlined
mormot.core.rtti.pas(4670,35) Note: Call to subroutine "operator :=(const source:UTF8String):Variant;" marked as inline is not inlined
mormot.core.rtti.pas(4748,24) Warning: Local variable "call" does not seem to be initialized
mormot.core.rtti.pas(4767,30) Warning: Local variable "call" does not seem to be initialized
mormot.core.rtti.pas(4791,21) Warning: Local variable "tmp" of a managed type does not seem to be initialized
mormot.core.rtti.pas(4787,28) Warning: Local variable "call" does not seem to be initialized
mormot.core.rtti.pas(4804,29) Warning: Local variable "call" does not seem to be initialized
mormot.core.rtti.pas(4823,19) Warning: Local variable "call" does not seem to be initialized
mormot.core.rtti.pas(4868,27) Warning: Local variable "call" does not seem to be initialized
mormot.core.rtti.pas(4894,32) Warning: Local variable "call" does not seem to be initialized
mormot.core.rtti.pas(4914,33) Warning: Local variable "call" does not seem to be initialized
mormot.core.rtti.pas(4933,24) Warning: Local variable "call" does not seem to be initialized
mormot.core.rtti.pas(4980,27) Warning: Local variable "call" does not seem to be initialized
mormot.core.rtti.pas(4999,31) Warning: Local variable "call" does not seem to be initialized
mormot.core.rtti.pas(5018,22) Warning: Local variable "call" does not seem to be initialized
mormot.core.rtti.pas(5035,40) Warning: Local variable "call" does not seem to be initialized
mormot.core.rtti.pas(5054,30) Warning: Local variable "call" does not seem to be initialized
mormot.core.rtti.pas(5082,34) Warning: Local variable "call" does not seem to be initialized
mormot.core.rtti.pas(5132,30) Warning: Local variable "call" does not seem to be initialized
mormot.core.rtti.pas(5204,21) Warning: Local variable "call" does not seem to be initialized
mormot.core.rtti.pas(5583,7) Note: Call to subroutine "function PtrArrayAdd(var aPtrArray:<Formal type>;aItem:Pointer):LongInt;" marked as inline is not inlined
mormot.core.rtti.pas(5839,9) Note: Call to subroutine "function PtrArrayAdd(var aPtrArray:<Formal type>;aItem:Pointer):LongInt;" marked as inline is not inlined
mormot.core.rtti.pas(5945,13) Note: Call to subroutine "function TRttiCustomProps.Find(const PropName:UTF8String):^TRttiCustomProp;" marked as inline is not inlined
mormot.core.rtti.pas(6055,9) Note: Call to subroutine "function TRttiCustomProp.ValueIsVoid(Data:Pointer):Boolean;" marked as inline is not inlined
mormot.core.rtti.pas(6078,15) Note: Call to subroutine "function Join(const Args:{Open} Array Of RawByteString):AnsiString;" marked as inline is not inlined
mormot.core.rtti.pas(6080,15) Note: Call to subroutine "function Join(const Args:{Open} Array Of RawByteString):AnsiString;" marked as inline is not inlined
mormot.core.rtti.pas(6087,38) Warning: Local variable "v" of a managed type does not seem to be initialized
mormot.core.rtti.pas(6149,25) Note: Call to subroutine "function TRttiEnumType.GetEnumNameTrimed(const Value:<Formal type>):AnsiString;" marked as inline is not inlined
mormot.core.rtti.pas(6184,42) Warning: Local variable "v" of a managed type does not seem to be initialized
mormot.core.rtti.pas(6325,3) Note: Call to subroutine "procedure TRttiEnumType.SetEnumFromOrdinal(out Value:<Formal type>;Ordinal:QWord);" marked as inline is not inlined
mormot.core.rtti.pas(6470,16) Note: Call to subroutine "function TRttiEnumType.SetBaseType:^TRttiEnumType;" marked as inline is not inlined
mormot.core.rtti.pas(6506,3) Note: Call to subroutine "function TRttiEnumType.EnumBaseType:^TRttiEnumType;" marked as inline is not inlined
mormot.core.rtti.pas(6663,28) Warning: Local variable "m" of a managed type does not seem to be initialized
mormot.core.rtti.pas(8687,23) Warning: Variable "names" of a managed type does not seem to be initialized
mormot.core.rtti.pas(8922,3) Note: Call to subroutine "procedure DynArrayFakeLength(arr:Pointer;len:Int64);" marked as inline is not inlined
mormot.core.rtti.pas(9852,16) Note: Call to subroutine "function TRttiCustomList.RegisterTypeFromName(const Name:UTF8String;ParserType:PRttiParserType=`nil`):TRttiCustom;" marked as inline is not inlined
mormot.core.rtti.pas(9867,25) Note: Call to subroutine "function TRttiCustomList.RegisterTypeFromName(const Name:UTF8String;ParserType:PRttiParserType=`nil`):TRttiCustom;" marked as inline is not inlined
mormot.core.rtti.pas(9897,27) Note: Call to subroutine "function TRttiCustomList.RegisterTypeFromName(const Name:UTF8String;ParserType:PRttiParserType=`nil`):TRttiCustom;" marked as inline is not inlined
mormot.core.rtti.pas(9941,9) Note: Call to subroutine "function PtrArrayAdd(var aPtrArray:<Formal type>;aItem:Pointer):LongInt;" marked as inline is not inlined
mormot.core.rtti.pas(9959,9) Note: Call to subroutine "function PtrArrayAdd(var aPtrArray:<Formal type>;aItem:Pointer):LongInt;" marked as inline is not inlined
mormot.core.rtti.pas(9815,27) Warning: Local variable "prop" of a managed type does not seem to be initialized
mormot.core.rtti.pas(10042,7) Note: Call to subroutine "function PtrArrayAdd(var aPtrArray:<Formal type>;aItem:Pointer):LongInt;" marked as inline is not inlined
mormot.core.rtti.pas(10233,8) Note: Call to subroutine "function IdemPropNameUSameLenNotNull(P1:PUtf8Char;P2:PUtf8Char;P1P2Len:Int64):Boolean;" marked as inline is not inlined
mormot.core.rtti.pas(10392,15) Note: Call to subroutine "function PtrArrayAdd(var aPtrArray:<Formal type>;aItem:Pointer):LongInt;" marked as inline is not inlined
mormot.core.rtti.pas(10393,15) Note: Call to subroutine "function PtrArrayAdd(var aPtrArray:<Formal type>;aItem:Pointer):LongInt;" marked as inline is not inlined
mormot.core.rtti.pas(10398,15) Note: Call to subroutine "function PtrArrayAdd(var aPtrArray:<Formal type>;aItem:Pointer):LongInt;" marked as inline is not inlined
mormot.core.rtti.pas(10403,17) Note: Call to subroutine "function PtrArrayAdd(var aPtrArray:<Formal type>;aItem:Pointer):LongInt;" marked as inline is not inlined
mormot.core.rtti.pas(10405,17) Note: Call to subroutine "function PtrArrayAdd(var aPtrArray:<Formal type>;aItem:Pointer):LongInt;" marked as inline is not inlined
mormot.core.rtti.pas(10441,5) Note: Call to subroutine "function ObjArrayAddCount(var aObjArray:<Formal type>;aItem:TObject;var aObjArrayCount:LongInt):Int64;" marked as inline is not inlined
mormot.core.rtti.pas(10460,24) Warning: Local variable "regtypes" of a managed type does not seem to be initialized
Compiling ./libs/mORMot2/src/core/mormot.core.buffers.pas
Compiling ./libs/mORMot2/src/core/mormot.core.datetime.pas
Compiling ./libs/mORMot2/src/core/mormot.core.variants.pas
Compiling ./libs/mORMot2/src/core/mormot.core.data.pas
mormot.core.data.pas(6166,17) Warning: Symbol "BinarySaveLength" is deprecated
mormot.core.data.pas(6172,18) Warning: Symbol "BinarySave" is deprecated
mormot.core.data.pas(6179,18) Warning: Symbol "BinarySave" is deprecated
Compiling ./libs/mORMot2/src/core/mormot.core.json.pas
Compiling ./libs/mORMot2/src/core/mormot.core.variants.pas
mormot.core.variants.pas(2473,53) Warning: Some fields coming after "VOptions" were not initialized
mormot.core.variants.pas(11055,18) Warning: Symbol "BinarySaveLength" is deprecated
mormot.core.variants.pas(11062,18) Warning: Symbol "BinarySave" is deprecated
Compiling ./libs/mORMot2/src/crypt/mormot.crypt.core.pas
Compiling ./libs/mORMot2/src/crypt/mormot.crypt.ecc256r1.pas
Compiling ./libs/mORMot2/src/crypt/mormot.crypt.secure.pas
Compiling ./libs/mORMot2/src/core/mormot.core.search.pas
Compiling ./libs/mORMot2/src/core/mormot.core.fmt.pas
Compiling ./libs/mORMot2/src/lib/mormot.lib.sspi.pas
mormot.crypt.secure.pas(4759,13) Note: Call to subroutine "function FormatString(const Format:UTF8String;const Args:Array Of Const):AnsiString;" marked as inline is not inlined
mormot.crypt.secure.pas(4952,6) Warning: function result variable of a managed type does not seem to be initialized
mormot.crypt.secure.pas(5037,65) Warning: Local variable "h" of a managed type does not seem to be initialized
mormot.crypt.secure.pas(5307,10) Note: Call to subroutine "function CompareMem(P1:Pointer;P2:Pointer;Length:Int64):Boolean;" marked as inline is not inlined
mormot.crypt.secure.pas(5319,15) Note: Call to subroutine "function Base64ToBin(sp:PChar;len:Int64;var data:RawByteString):Boolean;" marked as inline is not inlined
mormot.crypt.secure.pas(5334,5) Note: Call to subroutine "procedure FillZero(var dest:<Formal type>;count:Int64);" marked as inline is not inlined
mormot.crypt.secure.pas(5351,3) Note: Call to subroutine "procedure FillZero(var dest:<Formal type>;count:Int64);" marked as inline is not inlined
mormot.crypt.secure.pas(5352,3) Note: Call to subroutine "procedure FillZero(var dest:<Formal type>;count:Int64);" marked as inline is not inlined
mormot.crypt.secure.pas(5353,3) Note: Call to subroutine "procedure FillZero(var dest:<Formal type>;count:Int64);" marked as inline is not inlined
mormot.crypt.secure.pas(5331,46) Warning: Local variable "salt" of a managed type does not seem to be initialized
mormot.crypt.secure.pas(5307,39) Warning: Local variable "fullnonce" of a managed type does not seem to be initialized
mormot.crypt.secure.pas(5319,56) Warning: Local variable "s" of a managed type does not seem to be initialized
mormot.crypt.secure.pas(5319,40) Warning: Local variable "s" of a managed type does not seem to be initialized
mormot.crypt.secure.pas(5321,31) Warning: Local variable "i" of a managed type does not seem to be initialized
mormot.crypt.secure.pas(5523,21) Warning: Local variable "bak" does not seem to be initialized
mormot.crypt.secure.pas(5683,5) Note: Call to subroutine "procedure TSynSigner.Update(aBuffer:Pointer;aLen:LongInt);" marked as inline is not inlined
mormot.crypt.secure.pas(6142,8) Warning: Local variable "dp" of a managed type does not seem to be initialized
mormot.crypt.secure.pas(6225,8) Warning: Local variable "dp" of a managed type does not seem to be initialized
mormot.crypt.secure.pas(6344,51) Warning: Local variable "pass" of a managed type does not seem to be initialized
mormot.crypt.secure.pas(6344,40) Warning: Local variable "user" of a managed type does not seem to be initialized
mormot.crypt.secure.pas(6416,13) Note: Call to subroutine "function IdemPropNameUSameLenNotNull(P1:PUtf8Char;P2:PUtf8Char;P1P2Len:Int64):Boolean;" marked as inline is not inlined
mormot.crypt.secure.pas(6948,66) Warning: Local variable "password" of a managed type does not seem to be initialized
mormot.crypt.secure.pas(7161,55) Note: Call to subroutine "function TSynUniqueIdentifierBits.CreateDateTime:Double;" marked as inline is not inlined
mormot.crypt.secure.pas(7335,3) Note: Call to subroutine "procedure TAes.Done;" marked as inline is not inlined
mormot.crypt.secure.pas(7336,3) Note: Call to subroutine "procedure TAes.Done;" marked as inline is not inlined
mormot.crypt.secure.pas(7365,19) Note: Call to subroutine "function TAes.Initialized:Boolean;" marked as inline is not inlined
mormot.crypt.secure.pas(7368,7) Note: Call to subroutine "procedure TAes.Encrypt(var B:THash128);" marked as inline is not inlined
mormot.crypt.secure.pas(7393,17) Note: Call to subroutine "function TAes.Initialized:Boolean;" marked as inline is not inlined
mormot.crypt.secure.pas(7398,5) Note: Call to subroutine "procedure TAes.Decrypt(const BI:THash128;var BO:THash128);" marked as inline is not inlined
mormot.crypt.secure.pas(7730,13) Note: Call to subroutine "function RecordSaveBase64(const Rec:<Formal type>;TypeInfo:PRttiInfo;UriCompatible:Boolean=`FALSE`):AnsiString;" marked as inline is not inlined
mormot.crypt.secure.pas(7736,13) Note: Call to subroutine "function RecordLoadBase64(Source:PChar;Len:Int64;var Rec:<Formal type>;TypeInfo:PRttiInfo;UriCompatible:Boolean=`FALSE`;TryCustomVariants:PDocVariantOptions=`nil`):Boolean;" marked as inline is not inlined
mormot.crypt.secure.pas(7839,9) Note: Call to subroutine "function ObjArrayAddCount(var aObjArray:<Formal type>;aItem:TObject;var aObjArrayCount:LongInt):Int64;" marked as inline is not inlined
mormot.crypt.secure.pas(7844,5) Note: Call to subroutine "procedure DynArrayFakeLength(arr:Pointer;len:Int64);" marked as inline is not inlined
mormot.crypt.secure.pas(7867,5) Note: Call to subroutine "procedure DynArrayFakeLength(arr:Pointer;len:Int64);" marked as inline is not inlined
mormot.crypt.secure.pas(8619,18) Warning: Variable "dst" of a managed type does not seem to be initialized
mormot.crypt.secure.pas(8665,10) Note: Call to subroutine "function PemToDer(const pem:TCertPem;const kind:PPemKind=`nil`):AnsiString;" marked as inline is not inlined
mormot.crypt.secure.pas(8666,11) Note: Call to subroutine "function PemToDer(const pem:TCertPem;const kind:PPemKind=`nil`):AnsiString;" marked as inline is not inlined
mormot.crypt.secure.pas(8853,14) Note: Call to subroutine "function PemToDer(const pem:TCertPem;const kind:PPemKind=`nil`):AnsiString;" marked as inline is not inlined
mormot.crypt.secure.pas(8993,18) Note: Call to subroutine "function IdemPropNameUSameLenNotNull(P1:PUtf8Char;P2:PUtf8Char;P1P2Len:Int64):Boolean;" marked as inline is not inlined
mormot.crypt.secure.pas(8995,18) Note: Call to subroutine "function IdemPropNameUSameLenNotNull(P1:PUtf8Char;P2:PUtf8Char;P1P2Len:Int64):Boolean;" marked as inline is not inlined
mormot.crypt.secure.pas(9007,18) Note: Call to subroutine "function IdemPropNameUSameLenNotNull(P1:PUtf8Char;P2:PUtf8Char;P1P2Len:Int64):Boolean;" marked as inline is not inlined
mormot.crypt.secure.pas(9009,18) Note: Call to subroutine "function IdemPropNameUSameLenNotNull(P1:PUtf8Char;P2:PUtf8Char;P1P2Len:Int64):Boolean;" marked as inline is not inlined
mormot.crypt.secure.pas(9024,5) Note: Call to subroutine "procedure DynArrayFakeLength(arr:Pointer;len:Int64);" marked as inline is not inlined
mormot.crypt.secure.pas(9050,13) Note: Call to subroutine "function IdemPropNameUSameLenNotNull(P1:PUtf8Char;P2:PUtf8Char;P1P2Len:Int64):Boolean;" marked as inline is not inlined
mormot.crypt.secure.pas(9089,17) Note: Call to subroutine "function ComparePointer(const A:Pointer;const B:Pointer):LongInt;" marked as inline is not inlined
mormot.crypt.secure.pas(9204,58) Note: Call to subroutine "operator :=(const source:Int64):Variant;" marked as inline is not inlined
mormot.crypt.secure.pas(9206,65) Note: Call to subroutine "operator :=(const source:Int64):Variant;" marked as inline is not inlined
mormot.crypt.secure.pas(9239,11) Note: Call to subroutine "function Base64uriToBin(sp:PChar;len:Int64;enc:PAnsiCharDec=`nil`):AnsiString;" marked as inline is not inlined
mormot.crypt.secure.pas(9399,7) Note: Call to subroutine "procedure DynArrayFakeLength(arr:Pointer;len:Int64);" marked as inline is not inlined
mormot.crypt.secure.pas(9587,12) Note: Call to subroutine "function PemToDer(const pem:TCertPem;const kind:PPemKind=`nil`):AnsiString;" marked as inline is not inlined
mormot.crypt.secure.pas(9646,9) Note: Call to subroutine "procedure ChainAdd(var chain:ICryptCerts;const cert:ICryptCert);" marked as inline is not inlined
mormot.crypt.secure.pas(9760,15) Note: Call to subroutine "function InterfaceArrayFind(const aInterfaceArray:<Formal type>;const aItem:IUnknown):Int64;" marked as inline is not inlined
mormot.crypt.secure.pas(9808,3) Note: Call to subroutine "procedure DynArrayFakeLength(arr:Pointer;len:Int64);" marked as inline is not inlined
mormot.crypt.secure.pas(9937,3) Note: Call to subroutine "procedure TFastReader.Init(Buffer:Pointer;Len:Int64);" marked as inline is not inlined
mormot.crypt.secure.pas(10382,19) Warning: Variable "Cert" of a managed type does not seem to be initialized
mormot.crypt.secure.pas(10383,19) Warning: Variable "PrivKey" of a managed type does not seem to be initialized
mormot.crypt.secure.pas(10412,3) Note: Call to subroutine "procedure FillZero(var dest:<Formal type>;count:Int64);" marked as inline is not inlined
mormot.crypt.secure.pas(10674,18) Note: Call to subroutine "function Join(const Args:{Open} Array Of RawByteString):AnsiString;" marked as inline is not inlined
mormot.crypt.secure.pas(10780,23) Note: Call to subroutine "function Join(const Args:{Open} Array Of RawByteString):AnsiString;" marked as inline is not inlined
mormot.crypt.secure.pas(10785,8) Note: Call to subroutine "function CompareMem(P1:Pointer;P2:Pointer;Length:Int64):Boolean;" marked as inline is not inlined
mormot.crypt.secure.pas(10922,39) Warning: Local variable "oct" of a managed type does not seem to be initialized
mormot.crypt.secure.pas(10936,23) Warning: Local variable "oid" of a managed type does not seem to be initialized
mormot.crypt.secure.pas(11048,57) Warning: Local variable "name" of a managed type does not seem to be initialized
mormot.crypt.secure.pas(11046,11) Warning: Local variable "bits" of a managed type does not seem to be initialized
mormot.crypt.secure.pas(11060,45) Warning: Local variable "usage" of a managed type does not seem to be initialized
mormot.crypt.secure.pas(11156,6) Warning: function result variable of a managed type does not seem to be initialized
Compiling ./libs/mORMot2/src/crypt/mormot.crypt.jwt.pas
Compiling ./libs/mORMot2/src/crypt/mormot.crypt.ecc.pas
Compiling ./libs/mORMot2/src/crypt/mormot.crypt.rsa.pas
mormot.crypt.jwt.pas(979,74) Note: Call to subroutine "operator :=(const source:Int64):Variant;" marked as inline is not inlined
mormot.crypt.jwt.pas(981,92) Note: Call to subroutine "operator :=(const source:Int64):Variant;" marked as inline is not inlined
mormot.crypt.jwt.pas(983,71) Note: Call to subroutine "operator :=(const source:Int64):Variant;" marked as inline is not inlined
mormot.crypt.jwt.pas(991,38) Note: Call to subroutine "operator :=(const source:Int64):Variant;" marked as inline is not inlined
mormot.crypt.jwt.pas(1046,64) Warning: Local variable "signature" of a managed type does not seem to be initialized
mormot.crypt.jwt.pas(1084,26) Warning: Local variable "unix" does not seem to be initialized
mormot.crypt.jwt.pas(1146,21) Note: Call to subroutine "function IdemPropNameUSameLenNotNull(P1:PUtf8Char;P2:PUtf8Char;P1P2Len:Int64):Boolean;" marked as inline is not inlined
mormot.crypt.jwt.pas(1148,17) Note: Call to subroutine "function IdemPropNameUSameLenNotNull(P1:PUtf8Char;P2:PUtf8Char;P1P2Len:Int64):Boolean;" marked as inline is not inlined
mormot.crypt.jwt.pas(1158,12) Note: Call to subroutine "function CompareMem(P1:Pointer;P2:Pointer;Length:Int64):Boolean;" marked as inline is not inlined
mormot.crypt.jwt.pas(1146,17) Warning: Local variable "head" does not seem to be initialized
mormot.crypt.jwt.pas(1347,19) Note: Call to subroutine "function IdemPropNameUSameLenNotNull(P1:PUtf8Char;P2:PUtf8Char;P1P2Len:Int64):Boolean;" marked as inline is not inlined
mormot.crypt.jwt.pas(1375,14) Note: Call to subroutine "function IdemPropNameUSameLenNotNull(P1:PUtf8Char;P2:PUtf8Char;P1P2Len:Int64):Boolean;" marked as inline is not inlined
mormot.crypt.jwt.pas(1377,14) Note: Call to subroutine "function IdemPropNameUSameLenNotNull(P1:PUtf8Char;P2:PUtf8Char;P1P2Len:Int64):Boolean;" marked as inline is not inlined
mormot.crypt.jwt.pas(1381,13) Note: Call to subroutine "function IdemPropNameUSameLenNotNull(P1:PUtf8Char;P2:PUtf8Char;P1P2Len:Int64):Boolean;" marked as inline is not inlined
mormot.crypt.jwt.pas(1347,18) Warning: Local variable "V" does not seem to be initialized
mormot.crypt.jwt.pas(1495,6) Note: Call to subroutine "function CompareMem(P1:Pointer;P2:Pointer;Length:Int64):Boolean;" marked as inline is not inlined
mormot.crypt.jwt.pas(1506,3) Note: Call to subroutine "procedure TSynSigner.Update(aBuffer:Pointer;aLen:LongInt);" marked as inline is not inlined
mormot.crypt.openssl.pas(1323,19) Note: Call to subroutine "function EVP_sha256:^untyped;" marked as inline is not inlined
mormot.crypt.openssl.pas(1435,13) Note: Call to subroutine "function IntegerScanExists(P:PCardinalArray;Count:Int64;Value:LongWord):Boolean;" marked as inline is not inlined
mormot.crypt.openssl.pas(1438,6) Note: Call to subroutine "function IntegerScanExists(P:PCardinalArray;Count:Int64;Value:LongWord):Boolean;" marked as inline is not inlined
mormot.crypt.openssl.pas(1686,9) Warning: Local variable "crv" of a managed type does not seem to be initialized
mormot.crypt.openssl.pas(1798,5) Note: Call to subroutine "procedure FillZero(var dest:<Formal type>;count:Int64);" marked as inline is not inlined
mormot.crypt.openssl.pas(2257,1) Warning: function result variable of a managed type does not seem to be initialized
mormot.crypt.openssl.pas(2570,11) Warning: Local variable "cn" of a managed type does not seem to be initialized
mormot.crypt.openssl.pas(3121,1) Warning: function result variable of a managed type does not seem to be initialized
mormot.crypt.openssl.pas(3365,76) Note: Call to subroutine "function X509_get_serialNumber(x:PX509):^ASN1_INTEGER;" marked as inline is not inlined
mormot.crypt.openssl.pas(3642,23) Note: Call to subroutine "function EVP_sha1:^untyped;" marked as inline is not inlined
slssl.pas(87,15) Warning: Implicit string type conversion from "AnsiString" to "UnicodeString"
slssl.pas(87,22) Warning: Implicit string type conversion with potential data loss from "UnicodeString" to "AnsiString"
slssl.pas(106,15) Warning: Implicit string type conversion with potential data loss from "UnicodeString" to "AnsiString"
slssl.pas(185,13) Warning: Implicit string type conversion with potential data loss from "UnicodeString" to "AnsiString"
slssl.pas(265,13) Warning: Implicit string type conversion with potential data loss from "UnicodeString" to "AnsiString"
Compiling mystrings.pas
mystrings.pas(204,28) Warning: Unit "Rtti" is experimental
generics.collections.pas(1186,20) Note: Call to subroutine "function TEnumerable<System.AnsiString>.GetEnumerator:TEnumerator$1<SYSTEM.AnsiString>;" marked as inline is not inlined
generics.collections.pas(1186,20) Note: Call to subroutine "function TEnumerable<System.LongInt>.GetEnumerator:TEnumerator$1<SYSTEM.LongInt>;" marked as inline is not inlined
generics.collections.pas(1186,20) Note: Call to subroutine "function TEnumerable<mystrings.TPair<System.AnsiString,System.LongInt>>.GetEnumerator:TEnumerator$1<MYSTRINGS.TPair$2<SYSTEM.AnsiString,SYSTEM.LongInt>>;" marked as inline is not inlined
generics.defaults.pas(2634,1) Warning: function result variable of a managed type does not seem to be initialized
generics.dictionaries.inc(191,92) Warning: Constructing a class "TCustomDictionaryEnumerator$4$crc3557DBD5" with abstract method "DoMoveNext"
generics.dictionaries.inc(191,92) Warning: Constructing a class "TCustomDictionaryEnumerator$4$crc3557DBD5" with abstract method "GetCurrent"
generics.dictionaries.inc(191,92) Warning: Constructing a class "TCustomDictionaryEnumerator$4$crc78D6A1DB" with abstract method "DoMoveNext"
generics.dictionaries.inc(191,92) Warning: Constructing a class "TCustomDictionaryEnumerator$4$crc78D6A1DB" with abstract method "GetCurrent"
generics.defaults.pas(2634,1) Warning: function result variable of a managed type does not seem to be initialized
common.inc(7,1) Note: Local variable "iniFiles" not used
common.inc(11,1) Note: Local variable "commonFiles" not used
common.inc(17,1) Note: Local variable "generatedFiles" not used
common.inc(23,1) Note: Local variable "VideoFileExtensions" not used
common.inc(27,1) Note: Local variable "ImageFileExtensions" not used
common.inc(31,1) Note: Local variable "SpecialDirsTags" not used
common.inc(43,1) Note: Local variable "BlowfishIdentificationWords" not used
common.inc(47,1) Note: Local variable "NewsSystemSpamMessages" not used
common.inc(55,1) Note: Local variable "CountryCodes" not used
common.inc(74,1) Note: Local variable "CountryNames" not used
mystrings.pas(935,130) Warning: Implicit string type conversion from "AnsiString" to "UnicodeString"
mystrings.pas(936,24) Warning: Implicit string type conversion from "AnsiString" to "UnicodeString"
mystrings.pas(938,38) Warning: Implicit string type conversion with potential data loss from "UnicodeString" to "AnsiString"
mystrings.pas(941,19) Warning: Implicit string type conversion with potential data loss from "UnicodeString" to "AnsiString"
mystrings.pas(948,26) Warning: Implicit string type conversion from "AnsiString" to "UnicodeString"
mystrings.pas(950,19) Warning: Implicit string type conversion with potential data loss from "UnicodeString" to "AnsiString"
mystrings.pas(954,152) Warning: Implicit string type conversion from "AnsiString" to "UnicodeString"
mystrings.pas(955,24) Warning: Implicit string type conversion from "AnsiString" to "UnicodeString"
mystrings.pas(957,14) Warning: Implicit string type conversion with potential data loss from "UnicodeString" to "AnsiString"
mystrings.pas(966,13) Warning: Implicit string type conversion with potential data loss from "UnicodeString" to "AnsiString"
mystrings.pas(1002,33) Warning: Implicit string type conversion from "AnsiString" to "UnicodeString"
mystrings.pas(1005,24) Warning: Implicit string type conversion with potential data loss from "UnicodeString" to "AnsiString"
mystrings.pas(1100,37) Warning: Implicit string type conversion from "AnsiString" to "UnicodeString"
mystrings.pas(1146,104) Warning: Implicit string type conversion with potential data loss from "UnicodeString" to "AnsiString"
mystrings.pas(1132,3) Note: Local variable "FoundEntity" is assigned but never used
generics.collections.pas(144,52) Note: Private type "TCustomPointersEnumerator$2<SYSTEM.AnsiString,MYSTRINGS.TCustomList$1$crc6824777A.PT>.T" never used
generics.collections.pas(144,52) Note: Private type "TCustomPointersEnumerator$2<SYSTEM.LongInt,MYSTRINGS.TCustomList$1$crc9F312717.PT>.T" never used
generics.collections.pas(144,52) Note: Private type "TCustomPointersEnumerator$2<MYSTRINGS.TPair$2<SYSTEM.AnsiString,SYSTEM.LongInt>,MYSTRINGS.TCustomList$1$crcD1337C3F.PT>.T" never used
Compiling slhelper.pas
Compiling globals.pas
Compiling irc.pas
Compiling cbftpclient.pas
Compiling ./libs/mORMot2/src/net/mormot.net.client.pas
Compiling ./libs/mORMot2/src/net/mormot.net.http.pas
Compiling ./libs/mORMot2/src/core/mormot.core.zip.pas
Compiling ./libs/mORMot2/src/lib/mormot.lib.z.pas
Compiling ./libs/mORMot2/src/lib/mormot.lib.static.pas
mormot.core.zip.pas(1716,19) Warning: Conversion between ordinals and pointers is not portable
Compiling ./libs/mORMot2/src/lib/mormot.lib.gssapi.pas
mormot.net.client.pas(2150,11) Note: Call to subroutine "function GotoNextNotSpace(P:PUtf8Char):^Char;" marked as inline is not inlined
mormot.net.client.pas(2376,3) Note: Call to subroutine "function PtrArrayAdd(var aPtrArray:<Formal type>;aItem:Pointer):LongInt;" marked as inline is not inlined
mormot.net.client.pas(2413,10) Note: Call to subroutine "function PtrArrayAdd(var aPtrArray:<Formal type>;aItem:Pointer):LongInt;" marked as inline is not inlined
mormot.net.client.pas(2443,10) Note: Call to subroutine "function PtrArrayAdd(var aPtrArray:<Formal type>;aItem:Pointer):LongInt;" marked as inline is not inlined
mormot.net.client.pas(2492,10) Note: Call to subroutine "function PtrArrayAdd(var aPtrArray:<Formal type>;aItem:Pointer):LongInt;" marked as inline is not inlined
mormot.net.client.pas(2519,10) Note: Call to subroutine "function PtrArrayAdd(var aPtrArray:<Formal type>;aItem:Pointer):LongInt;" marked as inline is not inlined
mormot.net.client.pas(2765,68) Warning: Local variable "start" does not seem to be initialized
mormot.net.client.pas(2791,8) Note: Call to subroutine "function GetBitPtr(Bits:Pointer;aIndex:Int64):Boolean;" marked as inline is not inlined
mormot.net.client.pas(2806,57) Warning: Local variable "start" does not seem to be initialized
mormot.net.client.pas(3027,6) Note: Call to subroutine "function IsLocalHost(Host:PUtf8Char):Boolean;" marked as inline is not inlined
mormot.net.client.pas(3207,21) Note: Call to subroutine "function TNetSocketWrap.Socket:Int64;" marked as inline is not inlined
mormot.net.client.pas(3446,5) Note: Call to subroutine "function TCrtSocket.EnsureSockSend(Len:Int64):^Char;" marked as inline is not inlined
mormot.net.client.pas(3532,51) Note: Call to subroutine "function Join(const Args:{Open} Array Of RawByteString):AnsiString;" marked as inline is not inlined
mormot.net.client.pas(3560,76) Note: Call to subroutine "function FindNameValue(const NameValuePairs:UTF8String;UpperName:PChar;var Value:UTF8String;KeepNotFoundValue:Boolean=`FALSE`;UpperNameSeparator:Char=`0`):Boolean;" marked as inline is not inlined
mormot.net.client.pas(3572,83) Note: Call to subroutine "function FindNameValue(const NameValuePairs:UTF8String;UpperName:PChar;var Value:UTF8String;KeepNotFoundValue:Boolean=`FALSE`;UpperNameSeparator:Char=`0`):Boolean;" marked as inline is not inlined
mormot.net.client.pas(3585,23) Note: Call to subroutine "function FindNameValue(const NameValuePairs:UTF8String;UpperName:PChar;var Value:UTF8String;KeepNotFoundValue:Boolean=`FALSE`;UpperNameSeparator:Char=`0`):Boolean;" marked as inline is not inlined
mormot.net.client.pas(4085,7) Note: Call to subroutine "function FindNameValue(const NameValuePairs:UTF8String;UpperName:PChar;var Value:UTF8String;KeepNotFoundValue:Boolean=`FALSE`;UpperNameSeparator:Char=`0`):Boolean;" marked as inline is not inlined
mormot.net.client.pas(4360,23) Warning: function result variable of a managed type does not seem to be initialized
mormot.net.client.pas(6090,53) Warning: Local variable "headin" of a managed type does not seem to be initialized
Compiling ircchansettings.pas
Compiling console.pas
Compiling slvision.pas
slvision.pas(388,5) Warning: Constructor should be public
Compiling slconsole.pas
Compiling slsignals.pas
slconsole.pas(1037,3) Note: Call to subroutine "function waddstr(win:PWINDOW;st:PChar):LongInt;" marked as inline is not inlined
Compiling kb.pas
Compiling pazo.pas
Compiling dirlist.pas
Compiling skiplists.pas
Compiling slmasks.pas
Compiling delphimasks.pas
slmasks.pas(56,44) Warning: Implicit string type conversion from "AnsiString" to "UnicodeString"
slmasks.pas(63,44) Warning: Implicit string type conversion from "AnsiString" to "UnicodeString"
slmasks.pas(99,33) Warning: Implicit string type conversion from "AnsiString" to "UnicodeString"
Compiling sfv.pas
generics.collections.pas(1186,20) Note: Call to subroutine "function TEnumerable<System.AnsiString>.GetEnumerator:TEnumerator$1<SYSTEM.AnsiString>;" marked as inline is not inlined
generics.collections.pas(1186,20) Note: Call to subroutine "function TEnumerable<System.LongInt>.GetEnumerator:TEnumerator$1<SYSTEM.LongInt>;" marked as inline is not inlined
generics.collections.pas(1186,20) Note: Call to subroutine "function TEnumerable<sfv.TPair<System.AnsiString,System.LongInt>>.GetEnumerator:TEnumerator$1<SFV.TPair$2<SYSTEM.AnsiString,SYSTEM.LongInt>>;" marked as inline is not inlined
generics.defaults.pas(2634,1) Warning: function result variable of a managed type does not seem to be initialized
generics.dictionaries.inc(191,92) Warning: Constructing a class "TCustomDictionaryEnumerator$4$crc3557DBD5" with abstract method "DoMoveNext"
generics.dictionaries.inc(191,92) Warning: Constructing a class "TCustomDictionaryEnumerator$4$crc3557DBD5" with abstract method "GetCurrent"
generics.dictionaries.inc(191,92) Warning: Constructing a class "TCustomDictionaryEnumerator$4$crc78D6A1DB" with abstract method "DoMoveNext"
generics.dictionaries.inc(191,92) Warning: Constructing a class "TCustomDictionaryEnumerator$4$crc78D6A1DB" with abstract method "GetCurrent"
generics.defaults.pas(2634,1) Warning: function result variable of a managed type does not seem to be initialized
generics.collections.pas(1186,20) Note: Call to subroutine "function TEnumerable<sfv.TDictionary<System.AnsiString,System.LongInt>>.GetEnumerator:TEnumerator$1<SFV.TDictionary$2<SYSTEM.AnsiString,SYSTEM.LongInt>>;" marked as inline is not inlined
generics.collections.pas(1186,20) Note: Call to subroutine "function TEnumerable<sfv.TPair<System.AnsiString,sfv.TDictionary<System.AnsiString,System.LongInt>>>.GetEnumerator:TEnumerator$1<SFV.TPair$2<SYSTEM.AnsiString,SFV.TDictionary$2<SYSTEM.AnsiString,SYSTEM.LongInt>>>;" marked as inline is not inlined
generics.dictionaries.inc(191,92) Warning: Constructing a class "TCustomDictionaryEnumerator$4$crc96D8C9C4" with abstract method "DoMoveNext"
generics.dictionaries.inc(191,92) Warning: Constructing a class "TCustomDictionaryEnumerator$4$crc96D8C9C4" with abstract method "GetCurrent"
generics.dictionaries.inc(191,92) Warning: Constructing a class "TCustomDictionaryEnumerator$4$crc2C2C87B4" with abstract method "DoMoveNext"
generics.dictionaries.inc(191,92) Warning: Constructing a class "TCustomDictionaryEnumerator$4$crc2C2C87B4" with abstract method "GetCurrent"
generics.defaults.pas(2634,1) Warning: function result variable of a managed type does not seem to be initialized
generics.collections.pas(144,52) Note: Private type "TCustomPointersEnumerator$2<SYSTEM.AnsiString,SFV.TCustomList$1$crc6824777A.PT>.T" never used
generics.collections.pas(144,52) Note: Private type "TCustomPointersEnumerator$2<SYSTEM.LongInt,SFV.TCustomList$1$crc9F312717.PT>.T" never used
generics.collections.pas(144,52) Note: Private type "TCustomPointersEnumerator$2<SFV.TPair$2<SYSTEM.AnsiString,SYSTEM.LongInt>,SFV.TCustomList$1$crcCF3ACA2A.PT>.T" never used
generics.collections.pas(144,52) Note: Private type "TCustomPointersEnumerator$2<SFV.TDictionary$2<SYSTEM.AnsiString,SYSTEM.LongInt>,SFV.TCustomList$1$crc515E5F89.PT>.T" never used
generics.collections.pas(144,52) Note: Private type "TCustomPointersEnumerator$2<SFV.TPair$2<SYSTEM.AnsiString,SFV.TDictionary$2<SYSTEM.AnsiString,SYSTEM.LongInt>>,SFV.TCustomList$1$crc85AB1CEF.PT>.T" never used
Compiling tags.pas
Compiling ./libs/FLRE/FLRE.pas
Compiling ./libs/FLRE/PUCU.pas
Compiling mrdohutils.pas
common.inc(23,1) Note: Local variable "VideoFileExtensions" not used
common.inc(27,1) Note: Local variable "ImageFileExtensions" not used
common.inc(31,1) Note: Local variable "SpecialDirsTags" not used
common.inc(43,1) Note: Local variable "BlowfishIdentificationWords" not used
common.inc(47,1) Note: Local variable "NewsSystemSpamMessages" not used
common.inc(52,1) Note: Local variable "FileSizeUnits" not used
common.inc(55,1) Note: Local variable "CountryCodes" not used
common.inc(74,1) Note: Local variable "CountryNames" not used
Compiling dirlist.helpers.pas
generics.collections.pas(1186,20) Note: Call to subroutine "function TEnumerable<dirlist.helpers.TParsedDirListEntry>.GetEnumerator:TEnumerator$1<DIRLIST.HELPERS.TParsedDirListEntry>;" marked as inline is not inlined
dirlist.helpers.pas(212,66) Warning: Implicit string type conversion from "AnsiString" to "UnicodeString"
dirlist.helpers.pas(224,68) Warning: Implicit string type conversion from "AnsiString" to "UnicodeString"
dirlist.helpers.pas(244,49) Warning: Implicit string type conversion from "AnsiString" to "UnicodeString"
dirlist.helpers.pas(260,48) Warning: Implicit string type conversion from "AnsiString" to "UnicodeString"
generics.collections.pas(144,52) Note: Private type "TCustomPointersEnumerator$2<DIRLIST.HELPERS.TParsedDirListEntry,DIRLIST.HELPERS.TCustomList$1$crcC987A3EC.PT>.T" never used
common.inc(7,1) Note: Local variable "iniFiles" not used
common.inc(11,1) Note: Local variable "commonFiles" not used
common.inc(17,1) Note: Local variable "generatedFiles" not used
common.inc(23,1) Note: Local variable "VideoFileExtensions" not used
common.inc(27,1) Note: Local variable "ImageFileExtensions" not used
common.inc(43,1) Note: Local variable "BlowfishIdentificationWords" not used
common.inc(47,1) Note: Local variable "NewsSystemSpamMessages" not used
common.inc(52,1) Note: Local variable "FileSizeUnits" not used
common.inc(55,1) Note: Local variable "CountryCodes" not used
common.inc(74,1) Note: Local variable "CountryNames" not used
generics.collections.pas(1186,20) Note: Call to subroutine "function TEnumerable<System.AnsiString>.GetEnumerator:TEnumerator$1<SYSTEM.AnsiString>;" marked as inline is not inlined
generics.collections.pas(1186,20) Note: Call to subroutine "function TEnumerable<System.Boolean>.GetEnumerator:TEnumerator$1<SYSTEM.Boolean>;" marked as inline is not inlined
generics.collections.pas(1186,20) Note: Call to subroutine "function TEnumerable<dirlist.TPair<System.AnsiString,System.Boolean>>.GetEnumerator:TEnumerator$1<DIRLIST.TPair$2<SYSTEM.AnsiString,SYSTEM.Boolean>>;" marked as inline is not inlined
generics.defaults.pas(2634,1) Warning: function result variable of a managed type does not seem to be initialized
generics.dictionaries.inc(191,92) Warning: Constructing a class "TCustomDictionaryEnumerator$4$crcF6A3B871" with abstract method "DoMoveNext"
generics.dictionaries.inc(191,92) Warning: Constructing a class "TCustomDictionaryEnumerator$4$crcF6A3B871" with abstract method "GetCurrent"
generics.dictionaries.inc(191,92) Warning: Constructing a class "TCustomDictionaryEnumerator$4$crc11312783" with abstract method "DoMoveNext"
generics.dictionaries.inc(191,92) Warning: Constructing a class "TCustomDictionaryEnumerator$4$crc11312783" with abstract method "GetCurrent"
generics.defaults.pas(2634,1) Warning: function result variable of a managed type does not seem to be initialized
generics.collections.pas(1186,20) Note: Call to subroutine "function TEnumerable<System.LongInt>.GetEnumerator:TEnumerator$1<SYSTEM.LongInt>;" marked as inline is not inlined
generics.collections.pas(1186,20) Note: Call to subroutine "function TEnumerable<dirlist.TPair<System.AnsiString,System.LongInt>>.GetEnumerator:TEnumerator$1<DIRLIST.TPair$2<SYSTEM.AnsiString,SYSTEM.LongInt>>;" marked as inline is not inlined
generics.dictionaries.inc(191,92) Warning: Constructing a class "TCustomDictionaryEnumerator$4$crc3557DBD5" with abstract method "DoMoveNext"
generics.dictionaries.inc(191,92) Warning: Constructing a class "TCustomDictionaryEnumerator$4$crc3557DBD5" with abstract method "GetCurrent"
generics.dictionaries.inc(191,92) Warning: Constructing a class "TCustomDictionaryEnumerator$4$crc78D6A1DB" with abstract method "DoMoveNext"
generics.dictionaries.inc(191,92) Warning: Constructing a class "TCustomDictionaryEnumerator$4$crc78D6A1DB" with abstract method "GetCurrent"
generics.defaults.pas(2634,1) Warning: function result variable of a managed type does not seem to be initialized
generics.collections.pas(1186,20) Note: Call to subroutine "function TEnumerable<dirlist.TDirListEntry>.GetEnumerator:TEnumerator$1<DIRLIST.TDirListEntry>;" marked as inline is not inlined
generics.collections.pas(1186,20) Note: Call to subroutine "function TEnumerable<dirlist.TPair<System.AnsiString,dirlist.TDirListEntry>>.GetEnumerator:TEnumerator$1<DIRLIST.TPair$2<SYSTEM.AnsiString,DIRLIST.TDirListEntry>>;" marked as inline is not inlined
generics.dictionaries.inc(191,92) Warning: Constructing a class "TCustomDictionaryEnumerator$4$crcF88651F0" with abstract method "DoMoveNext"
generics.dictionaries.inc(191,92) Warning: Constructing a class "TCustomDictionaryEnumerator$4$crcF88651F0" with abstract method "GetCurrent"
generics.dictionaries.inc(191,92) Warning: Constructing a class "TCustomDictionaryEnumerator$4$crcFAD2F667" with abstract method "DoMoveNext"
generics.dictionaries.inc(191,92) Warning: Constructing a class "TCustomDictionaryEnumerator$4$crcFAD2F667" with abstract method "GetCurrent"
generics.defaults.pas(2634,1) Warning: function result variable of a managed type does not seem to be initialized
dirlist.pas(532,3) Note: Local variable "i" not used
dirlist.pas(533,3) Note: Local variable "s" not used
dirlist.pas(534,3) Note: Local variable "de" not used
generics.collections.pas(1186,20) Note: Call to subroutine "function TEnumerable<dirlist.helpers.TParsedDirListEntry>.GetEnumerator:TEnumerator$1<DIRLIST.HELPERS.TParsedDirListEntry>;" marked as inline is not inlined
dirlist.pas(925,20) Note: Call to subroutine "function AnsiMatchText(const AText:AnsiString;const AValues:{Open} Array Of AnsiString):Boolean;" marked as inline is not inlined
dirlist.pas(926,20) Note: Call to subroutine "function AnsiMatchText(const AText:AnsiString;const AValues:{Open} Array Of AnsiString):Boolean;" marked as inline is not inlined
dirlist.pas(945,20) Note: Call to subroutine "function AnsiMatchText(const AText:AnsiString;const AValues:{Open} Array Of AnsiString):Boolean;" marked as inline is not inlined
dirlist.pas(946,20) Note: Call to subroutine "function AnsiMatchText(const AText:AnsiString;const AValues:{Open} Array Of AnsiString):Boolean;" marked as inline is not inlined
dirlist.pas(1064,23) Warning: Implicit string type conversion from "AnsiString" to "UnicodeString"
dirlist.pas(1071,23) Warning: Implicit string type conversion from "AnsiString" to "UnicodeString"
dirlist.pas(1078,23) Warning: Implicit string type conversion from "AnsiString" to "UnicodeString"
dirlist.pas(1085,23) Warning: Implicit string type conversion from "AnsiString" to "UnicodeString"
dirlist.pas(1526,6) Note: Call to subroutine "function MatchText(const AText:AnsiString;const AValues:{Open} Array Of AnsiString):Boolean;" marked as inline is not inlined
generics.collections.pas(144,52) Note: Private type "TCustomPointersEnumerator$2<DIRLIST.TDirListEntry,DIRLIST.TCustomList$1$crc6E800767.PT>.T" never used
common.inc(7,1) Note: Local variable "iniFiles" not used
common.inc(11,1) Note: Local variable "commonFiles" not used
common.inc(17,1) Note: Local variable "generatedFiles" not used
common.inc(31,1) Note: Local variable "SpecialDirsTags" not used
common.inc(43,1) Note: Local variable "BlowfishIdentificationWords" not used
common.inc(47,1) Note: Local variable "NewsSystemSpamMessages" not used
common.inc(52,1) Note: Local variable "FileSizeUnits" not used
common.inc(55,1) Note: Local variable "CountryCodes" not used
common.inc(74,1) Note: Local variable "CountryNames" not used
generics.collections.pas(144,52) Note: Private type "TCustomPointersEnumerator$2<SYSTEM.AnsiString,DIRLIST.TCustomList$1$crc6824777A.PT>.T" never used
generics.collections.pas(144,52) Note: Private type "TCustomPointersEnumerator$2<SYSTEM.Boolean,DIRLIST.TCustomList$1$crc0155B2B4.PT>.T" never used
generics.collections.pas(144,52) Note: Private type "TCustomPointersEnumerator$2<DIRLIST.TPair$2<SYSTEM.AnsiString,SYSTEM.Boolean>,DIRLIST.TCustomList$1$crcD27F8D2C.PT>.T" never used
generics.collections.pas(144,52) Note: Private type "TCustomPointersEnumerator$2<SYSTEM.LongInt,DIRLIST.TCustomList$1$crc9F312717.PT>.T" never used
generics.collections.pas(144,52) Note: Private type "TCustomPointersEnumerator$2<DIRLIST.TPair$2<SYSTEM.AnsiString,SYSTEM.LongInt>,DIRLIST.TCustomList$1$crc3125F28A.PT>.T" never used
generics.collections.pas(144,52) Note: Private type "TCustomPointersEnumerator$2<DIRLIST.TPair$2<SYSTEM.AnsiString,DIRLIST.TDirListEntry>,DIRLIST.TCustomList$1$crc6A7ED7A9.PT>.T" never used
generics.collections.pas(144,52) Note: Private type "TCustomPointersEnumerator$2<DIRLIST.HELPERS.TParsedDirListEntry,DIRLIST.TCustomList$1$crcC987A3EC.PT>.T" never used
Compiling routeconfig.pas
Compiling cbftpevents.pas
Compiling ./libs/lkJSON/uLkJSON.pas
uLkJSON.pas(428,49) Note: Call to subroutine "operator :=(const source:WideString):Variant;" marked as inline is not inlined
uLkJSON.pas(456,1) Warning: function result variable of a managed type does not seem to be initialized
uLkJSON.pas(530,13) Note: Call to subroutine "operator :=(const source:Extended):Variant;" marked as inline is not inlined
uLkJSON.pas(545,13) Note: Call to subroutine "operator :=(const source:Variant):Extended;" marked as inline is not inlined
uLkJSON.pas(565,13) Note: Call to subroutine "operator :=(const source:WideString):Variant;" marked as inline is not inlined
uLkJSON.pas(594,25) Note: Call to subroutine "operator :=(const source:Boolean):Variant;" marked as inline is not inlined
uLkJSON.pas(599,13) Note: Call to subroutine "operator :=(const source:Boolean):Variant;" marked as inline is not inlined
uLkJSON.pas(614,28) Note: Call to subroutine "operator :=(const source:Variant):Boolean;" marked as inline is not inlined
uLkJSON.pas(753,28) Note: Call to subroutine "operator :=(const source:Variant):LongInt;" marked as inline is not inlined
uLkJSON.pas(777,17) Note: Call to subroutine "operator :=(const source:Variant):Double;" marked as inline is not inlined
uLkJSON.pas(788,33) Note: Call to subroutine "operator :=(const source:Variant):Extended;" marked as inline is not inlined
uLkJSON.pas(821,17) Note: Call to subroutine "operator :=(const source:Variant):Boolean;" marked as inline is not inlined
uLkJSON.pas(886,46) Warning: Implicit string type conversion from "AnsiString" to "WideString"
uLkJSON.pas(1060,53) Warning: Implicit string type conversion from "AnsiString" to "WideString"
uLkJSON.pas(1129,9) Warning: Implicit string type conversion with potential data loss from "WideString" to "AnsiString"
uLkJSON.pas(1179,17) Note: Call to subroutine "operator :=(const source:Variant):Double;" marked as inline is not inlined
uLkJSON.pas(1190,33) Note: Call to subroutine "operator :=(const source:Variant):Extended;" marked as inline is not inlined
uLkJSON.pas(1223,37) Warning: Implicit string type conversion from "AnsiString" to "WideString"
uLkJSON.pas(1234,34) Warning: Implicit string type conversion from "AnsiString" to "WideString"
uLkJSON.pas(1245,37) Warning: Implicit string type conversion from "AnsiString" to "WideString"
uLkJSON.pas(1256,41) Warning: Implicit string type conversion from "AnsiString" to "WideString"
uLkJSON.pas(1267,17) Note: Call to subroutine "operator :=(const source:Variant):Boolean;" marked as inline is not inlined
uLkJSON.pas(1278,38) Warning: Implicit string type conversion from "AnsiString" to "WideString"
uLkJSON.pas(1402,22) Warning: Conversion between ordinals and pointers is not portable
uLkJSON.pas(1405,20) Warning: Conversion between ordinals and pointers is not portable
uLkJSON.pas(1811,29) Warning: Local variable "ws" of a managed type does not seem to be initialized
generics.collections.pas(1186,20) Note: Call to subroutine "function TEnumerable<cbftpevents.TCbftpEvent>.GetEnumerator:TEnumerator$1<CBFTPEVENTS.TCbftpEvent>;" marked as inline is not inlined
cbftpevents.pas(247,25) Warning: Implicit string type conversion from "AnsiString" to "WideString"
cbftpevents.pas(263,25) Warning: Implicit string type conversion from "AnsiString" to "WideString"
cbftpevents.pas(279,25) Warning: Implicit string type conversion from "AnsiString" to "WideString"
cbftpevents.pas(293,25) Warning: Implicit string type conversion from "AnsiString" to "WideString"
cbftpevents.pas(296,17) Note: Call to subroutine "operator =(const op1:Variant;const op2:Variant):Boolean;" marked as inline is not inlined
cbftpevents.pas(296,26) Note: Call to subroutine "operator :=(const source:Boolean):Variant;" marked as inline is not inlined
cbftpevents.pas(296,37) Note: Call to subroutine "operator =(const op1:Variant;const op2:Variant):Boolean;" marked as inline is not inlined
cbftpevents.pas(296,46) Note: Call to subroutine "operator :=(const source:ShortString):Variant;" marked as inline is not inlined
cbftpevents.pas(296,59) Note: Call to subroutine "operator =(const op1:Variant;const op2:Variant):Boolean;" marked as inline is not inlined
cbftpevents.pas(296,68) Note: Call to subroutine "operator :=(const source:Char):Variant;" marked as inline is not inlined
cbftpevents.pas(281,38) Note: Call to subroutine "operator :=(const source:Variant):AnsiString;" marked as inline is not inlined
cbftpevents.pas(265,38) Note: Call to subroutine "operator :=(const source:Variant):AnsiString;" marked as inline is not inlined
cbftpevents.pas(249,18) Note: Call to subroutine "operator :=(const source:Variant):AnsiString;" marked as inline is not inlined
generics.collections.pas(144,52) Note: Private type "TCustomPointersEnumerator$2<CBFTPEVENTS.TCbftpEvent,CBFTPEVENTS.TCustomList$1$crcC8BC3988.PT>.T" never used
Compiling sitesunit.pas
Compiling taskautodirlist.pas
Compiling sitesunit.pas
Compiling taskautonuke.pas
Compiling sitesunit.pas
Compiling taskautoindex.pas
Compiling sitesunit.pas
Compiling tasklogin.pas
Compiling sitesunit.pas
Compiling taskrules.pas
Compiling sitesunit.pas
Compiling taskrace.pas
Compiling kb.pas
Compiling speedstatsunit.pas
Compiling sitesunit.pas
Compiling queueunit.pas
Compiling taskidle.pas
Compiling sitesunit.pas
Compiling queueunit.pas
Compiling taskquit.pas
Compiling sitesunit.pas
Compiling queueunit.pas
Compiling notify.pas
Compiling kb.pas
Compiling statsunit.pas
Compiling ./libs/mORMot2/src/orm/mormot.orm.core.pas
Compiling ./libs/mORMot2/src/core/mormot.core.log.pas
mormot.core.log.pas(6451,19) Warning: Some fields coming after "Index" were not initialized
Compiling ./libs/mORMot2/src/core/mormot.core.threads.pas
Compiling ./libs/mORMot2/src/core/mormot.core.perf.pas
Compiling ./libs/mORMot2/src/core/mormot.core.collections.pas
Compiling ./libs/mORMot2/src/db/mormot.db.core.pas
mormot.db.core.pas(557,48) Warning: Some fields coming after "VType" were not initialized
Compiling ./libs/mORMot2/src/orm/mormot.orm.base.pas
mormot.orm.core.pas(5122,20) Note: Call to subroutine "function TOrmFill.GetJoinedFields:Boolean;" marked as inline is not inlined
mormot.orm.core.pas(5132,20) Note: Call to subroutine "function TOrmFill.GetJoinedFields:Boolean;" marked as inline is not inlined
mormot.orm.core.pas(5381,38) Note: Call to subroutine "function TOrm.OrmProps:TOrmProperties;" marked as inline is not inlined
mormot.orm.core.pas(5410,52) Note: Call to subroutine "function TOrm.OrmProps:TOrmProperties;" marked as inline is not inlined
mormot.orm.core.pas(5410,14) Note: Call to subroutine "function IdemPropNameUSameLenNotNull(P1:PUtf8Char;P2:PUtf8Char;P1P2Len:Int64):Boolean;" marked as inline is not inlined
mormot.orm.core.pas(5355,53) Note: Call to subroutine "function TOrm.OrmProps:TOrmProperties;" marked as inline is not inlined
mormot.orm.core.pas(5474,23) Note: Call to subroutine "function TOrm.InternalNew:^untyped;" marked as inline is not inlined
mormot.orm.core.pas(5493,32) Note: Call to subroutine "function TOrm.OrmProps:TOrmProperties;" marked as inline is not inlined
mormot.orm.core.pas(5514,21) Note: Call to subroutine "function TOrm.InternalNew:^untyped;" marked as inline is not inlined
mormot.orm.core.pas(5706,41) Warning: Local variable "Val64" does not seem to be initialized
mormot.orm.core.pas(5715,37) Warning: Local variable "tmp" does not seem to be initialized
mormot.orm.core.pas(5857,68) Note: Call to subroutine "function TOrmTableAbstract.GetResults(Offset:Int64):^Char;" marked as inline is not inlined
mormot.orm.core.pas(5859,72) Note: Call to subroutine "function TOrmTableAbstract.GetResults(Offset:Int64):^Char;" marked as inline is not inlined
mormot.orm.core.pas(5890,42) Note: Call to subroutine "function TOrmTableAbstract.GetResults(Offset:Int64):^Char;" marked as inline is not inlined
mormot.orm.core.pas(6318,25) Warning: Function result variable does not seem to be initialized
mormot.orm.core.pas(6647,23) Warning: Function result variable does not seem to be initialized
mormot.orm.core.pas(6728,30) Note: Call to subroutine "function IsRowID(FieldName:PUtf8Char):Boolean;" marked as inline is not inlined
mormot.orm.core.pas(6946,43) Warning: Local variable "L" does not seem to be initialized
mormot.orm.core.pas(7177,3) Note: Call to subroutine "procedure TFastReader.Init(Buffer:Pointer;Len:Int64);" marked as inline is not inlined
mormot.orm.core.pas(7336,21) Note: Call to subroutine "procedure TDocVariantData.SetOptions(const opt:TDocVariantOptions);" marked as inline is not inlined
mormot.orm.core.pas(8063,15) Warning: Local variable "aSqlWhere" of a managed type does not seem to be initialized
mormot.orm.core.pas(8099,17) Warning: Local variable "aSqlFrom" of a managed type does not seem to be initialized
mormot.orm.core.pas(8079,17) Warning: Local variable "aSqlFields" of a managed type does not seem to be initialized
mormot.orm.core.pas(7983,12) Note: Call to subroutine "function IsRowID(FieldName:PUtf8Char):Boolean;" marked as inline is not inlined
mormot.orm.core.pas(8436,11) Note: Call to subroutine "function TOrmPropInfoList.ByName(aName:PUtf8Char):TOrmPropInfo;" marked as inline is not inlined
mormot.orm.core.pas(8447,11) Note: Call to subroutine "function TOrmPropInfoList.ByName(aName:PUtf8Char):TOrmPropInfo;" marked as inline is not inlined
mormot.orm.core.pas(8477,5) Note: Call to subroutine "procedure TDocVariantData.SetOptions(const opt:TDocVariantOptions);" marked as inline is not inlined
mormot.orm.core.pas(8484,22) Note: Call to subroutine "operator :=(const source:Int64):Variant;" marked as inline is not inlined
mormot.orm.core.pas(8500,20) Warning: function result variable of a managed type does not seem to be initialized
mormot.orm.core.pas(8515,20) Warning: function result variable of a managed type does not seem to be initialized
mormot.orm.core.pas(8579,5) Warning: function result variable of a managed type does not seem to be initialized
mormot.orm.core.pas(8582,5) Warning: function result variable of a managed type does not seem to be initialized
mormot.orm.core.pas(8660,33) Note: Call to subroutine "function TOrmProperties.TableObjArrayRtti:TRttiJson;" marked as inline is not inlined
mormot.orm.core.pas(8690,17) Warning: Local variable "value" of a managed type does not seem to be initialized
mormot.orm.core.pas(8739,24) Note: Call to subroutine "function FormatString(const Format:UTF8String;const Args:Array Of Const):AnsiString;" marked as inline is not inlined
mormot.orm.core.pas(8765,11) Note: Call to subroutine "procedure TDynArray.InitRtti(aInfo:TRttiCustom;var aValue:<Formal type>);" marked as inline is not inlined
mormot.orm.core.pas(8781,13) Note: Call to subroutine "procedure TDynArray.InitRtti(aInfo:TRttiCustom;var aValue:<Formal type>);" marked as inline is not inlined
mormot.orm.core.pas(9013,27) Warning: Local variable "select" of a managed type does not seem to be initialized
mormot.orm.core.pas(9165,71) Warning: Function result variable does not seem to be initialized
mormot.orm.core.pas(9390,8) Note: Call to subroutine "function IsRowID(FieldName:PUtf8Char):Boolean;" marked as inline is not inlined
mormot.orm.core.pas(9914,13) Note: Call to subroutine "function TOrmModel.GetTableIndex(const SqlTableName:UTF8String):Int64;" marked as inline is not inlined
mormot.orm.core.pas(9963,8) Note: Call to subroutine "function TOrmModel.GetTableIndex(const SqlTableName:UTF8String):Int64;" marked as inline is not inlined
mormot.orm.core.pas(10047,12) Note: Call to subroutine "function IdemPropName(const P1:ShortString;P2:PUtf8Char;P2Len:Int64):Boolean;" marked as inline is not inlined
mormot.orm.core.pas(10058,15) Note: Call to subroutine "function FastFindUpperPUtf8CharSorted(P:PPUtf8CharArray;R:Int64;Value:PUtf8Char;ValueLen:Int64):Int64;" marked as inline is not inlined
mormot.orm.core.pas(10152,34) Warning: Local variable "p" does not seem to be initialized
mormot.orm.core.pas(10528,34) Warning: Local variable "TableName" of a managed type does not seem to be initialized
mormot.orm.core.pas(10633,20) Note: Call to subroutine "function TOrmPropInfoList.ByName(aName:PUtf8Char):TOrmPropInfo;" marked as inline is not inlined
mormot.orm.core.pas(10857,10) Note: Call to subroutine "function IdemPropNameUSameLenNotNull(P1:PUtf8Char;P2:PUtf8Char;P1P2Len:Int64):Boolean;" marked as inline is not inlined
mormot.orm.core.pas(11815,19) Warning: Local variable "aID" does not seem to be initialized
mormot.orm.core.pas(11863,85) Warning: Local variable "aID" does not seem to be initialized
mormot.orm.core.pas(11858,15) Warning: Local variable "where" of a managed type does not seem to be initialized
Compiling dbhandler.pas
Compiling ./libs/mORMot2/src/db/mormot.db.sql.zeos.pas
Compiling ./libs/mORMot2/src/db/mormot.db.sql.pas
Compiling ./libs/mORMot2/src/db/mormot.db.sql.sqlite3.pas
Compiling ./libs/mORMot2/src/db/mormot.db.raw.sqlite3.pas
Compiling ./libs/mORMot2/src/rest/mormot.rest.sqlite3.pas
Compiling ./libs/mORMot2/src/core/mormot.core.interfaces.pas
Compiling ./libs/mORMot2/src/orm/mormot.orm.rest.pas
Compiling ./libs/mORMot2/src/rest/mormot.rest.core.pas
Compiling ./libs/mORMot2/src/soa/mormot.soa.core.pas
Compiling ./libs/mORMot2/src/orm/mormot.orm.client.pas
Compiling ./libs/mORMot2/src/orm/mormot.orm.server.pas
Compiling ./libs/mORMot2/src/soa/mormot.soa.server.pas
Compiling ./libs/mORMot2/src/soa/mormot.soa.client.pas
Compiling ./libs/mORMot2/src/rest/mormot.rest.client.pas
Compiling ./libs/mORMot2/src/rest/mormot.rest.server.pas
Compiling ./libs/mORMot2/src/soa/mormot.soa.server.pas
Compiling ./libs/mORMot2/src/orm/mormot.orm.server.pas
Compiling ./libs/mORMot2/src/orm/mormot.orm.storage.pas
Compiling ./libs/mORMot2/src/orm/mormot.orm.sqlite3.pas
Compiling sitesunit.pas
Compiling variantcache.pas
fgl.pp(1668,8) Note: Call to subroutine "function TFPGMap<System.AnsiString,System.Variant>.IndexOf(const AKey:AnsiString):LongInt;" marked as inline is not inlined
variantcache.pas(57,3) Note: Call to subroutine "procedure TFPGMap<System.AnsiString,System.Variant>.AddOrSetData(const AKey:AnsiString;const AData:Variant);" marked as inline is not inlined
variantcache.pas(66,18) Note: Call to subroutine "function TFPGMap<System.AnsiString,System.Variant>.TryGetData(const AKey:AnsiString;out AData:Variant):Boolean;" marked as inline is not inlined
Compiling socks5.pas
Compiling versioninfo.pas
slftp.inc(4,3) Note: Local variable "HELP_VERSION" not used
slftp.inc(7,3) Note: Local variable "lib_OpenSSL" not used
slftp.inc(8,3) Note: Local variable "lib_Ncurses" not used
slftp.inc(9,3) Note: Local variable "lib_SQLite3" not used
generics.collections.pas(1186,20) Note: Call to subroutine "function TEnumerable<routeconfig.TSpeedFromRouteInfo>.GetEnumerator:TEnumerator$1<ROUTECONFIG.TSpeedFromRouteInfo>;" marked as inline is not inlined
generics.collections.pas(1186,20) Note: Call to subroutine "function TEnumerable<System.AnsiString>.GetEnumerator:TEnumerator$1<SYSTEM.AnsiString>;" marked as inline is not inlined
generics.collections.pas(1186,20) Note: Call to subroutine "function TEnumerable<sitesunit.TSite>.GetEnumerator:TEnumerator$1<SITESUNIT.TSite>;" marked as inline is not inlined
generics.collections.pas(1186,20) Note: Call to subroutine "function TEnumerable<sitesunit.TPair<System.AnsiString,sitesunit.TSite>>.GetEnumerator:TEnumerator$1<SITESUNIT.TPair$2<SYSTEM.AnsiString,SITESUNIT.TSite>>;" marked as inline is not inlined
generics.defaults.pas(2634,1) Warning: function result variable of a managed type does not seem to be initialized
generics.dictionaries.inc(191,92) Warning: Constructing a class "TCustomDictionaryEnumerator$4$crcCEB2D352" with abstract method "DoMoveNext"
generics.dictionaries.inc(191,92) Warning: Constructing a class "TCustomDictionaryEnumerator$4$crcCEB2D352" with abstract method "GetCurrent"
generics.dictionaries.inc(191,92) Warning: Constructing a class "TCustomDictionaryEnumerator$4$crcF886BE5B" with abstract method "DoMoveNext"
generics.dictionaries.inc(191,92) Warning: Constructing a class "TCustomDictionaryEnumerator$4$crcF886BE5B" with abstract method "GetCurrent"
generics.defaults.pas(2634,1) Warning: function result variable of a managed type does not seem to be initialized
sitesunit.pas(963,24) Warning: Implicit string type conversion from "AnsiString" to "UnicodeString"
sitesunit.pas(965,46) Warning: Implicit string type conversion with potential data loss from "UnicodeString" to "AnsiString"
sitesunit.pas(970,24) Warning: Implicit string type conversion from "AnsiString" to "UnicodeString"
sitesunit.pas(994,65) Warning: Implicit string type conversion from "AnsiString" to "UnicodeString"
sitesunit.pas(2072,32) Warning: Implicit string type conversion from "AnsiString" to "UnicodeString"
sitesunit.pas(2073,30) Warning: Implicit string type conversion with potential data loss from "UnicodeString" to "AnsiString"
sitesunit.pas(2080,32) Warning: Implicit string type conversion from "AnsiString" to "UnicodeString"
sitesunit.pas(2081,30) Warning: Implicit string type conversion with potential data loss from "UnicodeString" to "AnsiString"
sitesunit.pas(2087,32) Warning: Implicit string type conversion from "AnsiString" to "UnicodeString"
sitesunit.pas(2088,30) Warning: Implicit string type conversion with potential data loss from "UnicodeString" to "AnsiString"
sitesunit.pas(3216,6) Note: Local variable "j" not used
sitesunit.pas(3217,3) Note: Local variable "ss" not used
sitesunit.pas(3217,7) Note: Local variable "affils" not used
sitesunit.pas(3341,15) Note: Call to subroutine "operator :=(const source:Variant):AnsiString;" marked as inline is not inlined
sitesunit.pas(3345,45) Note: Call to subroutine "operator :=(const source:AnsiString):Variant;" marked as inline is not inlined
sitesunit.pas(3352,40) Note: Call to subroutine "operator :=(const source:AnsiString):Variant;" marked as inline is not inlined
sitesunit.pas(3359,15) Note: Call to subroutine "operator :=(const source:Variant):LongInt;" marked as inline is not inlined
sitesunit.pas(3363,45) Note: Call to subroutine "operator :=(const source:LongInt):Variant;" marked as inline is not inlined
sitesunit.pas(3370,40) Note: Call to subroutine "operator :=(const source:LongInt):Variant;" marked as inline is not inlined
sitesunit.pas(3377,15) Note: Call to subroutine "operator :=(const source:Variant):Boolean;" marked as inline is not inlined
sitesunit.pas(3381,45) Note: Call to subroutine "operator :=(const source:Boolean):Variant;" marked as inline is not inlined
sitesunit.pas(3388,40) Note: Call to subroutine "operator :=(const source:Boolean):Variant;" marked as inline is not inlined
sitesunit.pas(3395,15) Note: Call to subroutine "operator :=(const source:Variant):Double;" marked as inline is not inlined
sitesunit.pas(3399,45) Note: Call to subroutine "operator :=(const source:TDateTime):Variant;" marked as inline is not inlined
sitesunit.pas(3406,40) Note: Call to subroutine "operator :=(const source:TDateTime):Variant;" marked as inline is not inlined
sitesunit.pas(4272,3) Note: Local variable "i" not used
sitesunit.pas(4273,3) Note: Local variable "t" not used
sitesunit.pas(4468,30) Warning: Implicit string type conversion from "AnsiString" to "UnicodeString"
sitesunit.pas(4469,42) Warning: Implicit string type conversion with potential data loss from "UnicodeString" to "AnsiString"
generics.collections.pas(144,52) Note: Private type "TCustomPointersEnumerator$2<ROUTECONFIG.TSpeedFromRouteInfo,SITESUNIT.TCustomList$1$crcE7D7B0DF.PT>.T" never used
generics.collections.pas(144,52) Note: Private type "TCustomPointersEnumerator$2<SYSTEM.AnsiString,SITESUNIT.TCustomList$1$crc6824777A.PT>.T" never used
generics.collections.pas(144,52) Note: Private type "TCustomPointersEnumerator$2<SITESUNIT.TSite,SITESUNIT.TCustomList$1$crc07925007.PT>.T" never used
generics.collections.pas(144,52) Note: Private type "TCustomPointersEnumerator$2<SITESUNIT.TPair$2<SYSTEM.AnsiString,SITESUNIT.TSite>,SITESUNIT.TCustomList$1$crc7F87C042.PT>.T" never used
generics.collections.pas(1186,20) Note: Call to subroutine "function TEnumerable<statsunit.TStatRaceRecord>.GetEnumerator:TEnumerator$1<STATSUNIT.TStatRaceRecord>;" marked as inline is not inlined
generics.collections.pas(1429,15) Note: Call to subroutine "function TCustomList<statsunit.TStatRaceRecord>.GetCapacity:Int64;" marked as inline is not inlined
generics.collections.pas(1186,20) Note: Call to subroutine "function TEnumerable<System.AnsiString>.GetEnumerator:TEnumerator$1<SYSTEM.AnsiString>;" marked as inline is not inlined
generics.collections.pas(1186,20) Note: Call to subroutine "function TEnumerable<statsunit.TDirectionStats>.GetEnumerator:TEnumerator$1<STATSUNIT.function StatsGetRaceStatsJson:AnsiString;.TDirectionStats>;" marked as inline is not inlined
generics.collections.pas(1186,20) Note: Call to subroutine "function TEnumerable<statsunit.TPair<System.AnsiString,statsunit.TDirectionStats>>.GetEnumerator:TEnumerator$1<STATSUNIT.TPair$2<SYSTEM.AnsiString,STATSUNIT.function StatsGetRaceStatsJson:AnsiString;.TDirectionStats>>;" marked as inline is not inlined
generics.defaults.pas(2634,1) Warning: function result variable of a managed type does not seem to be initialized
generics.dictionaries.inc(191,92) Warning: Constructing a class "TCustomDictionaryEnumerator$4$crc8F9DCA5B" with abstract method "DoMoveNext"
generics.dictionaries.inc(191,92) Warning: Constructing a class "TCustomDictionaryEnumerator$4$crc8F9DCA5B" with abstract method "GetCurrent"
generics.dictionaries.inc(191,92) Warning: Constructing a class "TCustomDictionaryEnumerator$4$crcB786734E" with abstract method "DoMoveNext"
generics.dictionaries.inc(191,92) Warning: Constructing a class "TCustomDictionaryEnumerator$4$crcB786734E" with abstract method "GetCurrent"
generics.defaults.pas(2634,1) Warning: function result variable of a managed type does not seem to be initialized
statsunit.pas(607,3) Note: Call to subroutine "procedure TDocVariantData.Init(const aOptions:TDocVariantOptions=`<set>`);" marked as inline is not inlined
statsunit.pas(608,72) Note: Call to subroutine "operator :=(const source:Boolean):Variant;" marked as inline is not inlined
statsunit.pas(609,51) Note: Call to subroutine "operator :=(const source:ShortString):Variant;" marked as inline is not inlined
statsunit.pas(610,53) Note: Call to subroutine "operator :=(const source:LongInt):Variant;" marked as inline is not inlined
statsunit.pas(611,61) Note: Call to subroutine "operator :=(const source:LongInt):Variant;" marked as inline is not inlined
statsunit.pas(612,53) Note: Call to subroutine "operator :=(const source:ShortInt):Variant;" marked as inline is not inlined
statsunit.pas(617,67) Note: Call to subroutine "operator :=(const source:ShortString):Variant;" marked as inline is not inlined
statsunit.pas(639,9) Note: Call to subroutine "procedure TDocVariantData.Init(const aOptions:TDocVariantOptions=`<set>`);" marked as inline is not inlined
statsunit.pas(640,58) Note: Call to subroutine "operator :=(const source:Int64):Variant;" marked as inline is not inlined
statsunit.pas(641,104) Note: Call to subroutine "operator :=(const source:Int64):Variant;" marked as inline is not inlined
statsunit.pas(642,76) Note: Call to subroutine "operator :=(const source:UTF8String):Variant;" marked as inline is not inlined
statsunit.pas(643,76) Note: Call to subroutine "operator :=(const source:UTF8String):Variant;" marked as inline is not inlined
statsunit.pas(644,79) Note: Call to subroutine "operator :=(const source:UTF8String):Variant;" marked as inline is not inlined
statsunit.pas(645,84) Note: Call to subroutine "operator :=(const source:UTF8String):Variant;" marked as inline is not inlined
statsunit.pas(646,82) Note: Call to subroutine "operator :=(const source:UTF8String):Variant;" marked as inline is not inlined
statsunit.pas(647,83) Note: Call to subroutine "operator :=(const source:Int64):Variant;" marked as inline is not inlined
statsunit.pas(657,74) Note: Call to subroutine "operator :=(const source:AnsiString):Variant;" marked as inline is not inlined
statsunit.pas(694,3) Note: Call to subroutine "procedure TDocVariantData.Init(const aOptions:TDocVariantOptions=`<set>`);" marked as inline is not inlined
statsunit.pas(695,72) Note: Call to subroutine "operator :=(const source:Boolean):Variant;" marked as inline is not inlined
statsunit.pas(696,51) Note: Call to subroutine "operator :=(const source:ShortString):Variant;" marked as inline is not inlined
statsunit.pas(697,53) Note: Call to subroutine "operator :=(const source:LongInt):Variant;" marked as inline is not inlined
statsunit.pas(698,61) Note: Call to subroutine "operator :=(const source:LongInt):Variant;" marked as inline is not inlined
statsunit.pas(699,53) Note: Call to subroutine "operator :=(const source:ShortInt):Variant;" marked as inline is not inlined
statsunit.pas(700,79) Note: Call to subroutine "operator :=(const source:UTF8String):Variant;" marked as inline is not inlined
statsunit.pas(705,67) Note: Call to subroutine "operator :=(const source:ShortString):Variant;" marked as inline is not inlined
statsunit.pas(713,69) Note: Call to subroutine "operator :=(const source:ShortString):Variant;" marked as inline is not inlined
statsunit.pas(738,9) Note: Call to subroutine "procedure TDocVariantData.Init(const aOptions:TDocVariantOptions=`<set>`);" marked as inline is not inlined
statsunit.pas(739,58) Note: Call to subroutine "operator :=(const source:Int64):Variant;" marked as inline is not inlined
statsunit.pas(740,104) Note: Call to subroutine "operator :=(const source:Int64):Variant;" marked as inline is not inlined
statsunit.pas(741,76) Note: Call to subroutine "operator :=(const source:UTF8String):Variant;" marked as inline is not inlined
statsunit.pas(742,76) Note: Call to subroutine "operator :=(const source:UTF8String):Variant;" marked as inline is not inlined
statsunit.pas(743,79) Note: Call to subroutine "operator :=(const source:UTF8String):Variant;" marked as inline is not inlined
statsunit.pas(744,84) Note: Call to subroutine "operator :=(const source:UTF8String):Variant;" marked as inline is not inlined
statsunit.pas(745,82) Note: Call to subroutine "operator :=(const source:UTF8String):Variant;" marked as inline is not inlined
statsunit.pas(746,83) Note: Call to subroutine "operator :=(const source:Int64):Variant;" marked as inline is not inlined
statsunit.pas(756,74) Note: Call to subroutine "operator :=(const source:AnsiString):Variant;" marked as inline is not inlined
generics.collections.pas(1186,20) Note: Call to subroutine "function TEnumerable<System.LongInt>.GetEnumerator:TEnumerator$1<SYSTEM.LongInt>;" marked as inline is not inlined
generics.collections.pas(1186,20) Note: Call to subroutine "function TEnumerable<statsunit.TFileSizeStats>.GetEnumerator:TEnumerator$1<STATSUNIT.procedure StatRaces;.TFileSizeStats>;" marked as inline is not inlined
generics.collections.pas(1186,20) Note: Call to subroutine "function TEnumerable<statsunit.TPair<System.AnsiString,statsunit.TFileSizeStats>>.GetEnumerator:TEnumerator$1<STATSUNIT.TPair$2<SYSTEM.AnsiString,STATSUNIT.procedure StatRaces;.TFileSizeStats>>;" marked as inline is not inlined
generics.dictionaries.inc(191,92) Warning: Constructing a class "TCustomDictionaryEnumerator$4$crc68154829" with abstract method "DoMoveNext"
generics.dictionaries.inc(191,92) Warning: Constructing a class "TCustomDictionaryEnumerator$4$crc68154829" with abstract method "GetCurrent"
generics.dictionaries.inc(191,92) Warning: Constructing a class "TCustomDictionaryEnumerator$4$crc6B168F31" with abstract method "DoMoveNext"
generics.dictionaries.inc(191,92) Warning: Constructing a class "TCustomDictionaryEnumerator$4$crc6B168F31" with abstract method "GetCurrent"
generics.defaults.pas(2634,1) Warning: function result variable of a managed type does not seem to be initialized
generics.collections.pas(144,52) Note: Private type "TCustomPointersEnumerator$2<STATSUNIT.TStatRaceRecord,STATSUNIT.TCustomList$1$crc8C81D7D4.PT>.T" never used
generics.collections.pas(144,52) Note: Private type "TCustomPointersEnumerator$2<SYSTEM.AnsiString,STATSUNIT.TCustomList$1$crc6824777A.PT>.T" never used
generics.collections.pas(144,52) Note: Private type "TCustomPointersEnumerator$2<STATSUNIT.function StatsGetRaceStatsJson:AnsiString;.TDirectionStats,STATSUNIT.TCustomList$1$crcBF3CC121.PT>.T" never used
generics.collections.pas(144,52) Note: Private type "TCustomPointersEnumerator$2<STATSUNIT.TPair$2<SYSTEM.AnsiString,STATSUNIT.function StatsGetRaceStatsJson:AnsiString;.TDirectionStats>,STATSUNIT.TCustomList$1$crcEDCD2A46.PT>.T" never used
generics.collections.pas(144,52) Note: Private type "TCustomPointersEnumerator$2<SYSTEM.LongInt,STATSUNIT.TCustomList$1$crc9F312717.PT>.T" never used
generics.collections.pas(144,52) Note: Private type "TCustomPointersEnumerator$2<STATSUNIT.procedure StatRaces;.TFileSizeStats,STATSUNIT.TCustomList$1$crcBB6CB782.PT>.T" never used
generics.collections.pas(144,52) Note: Private type "TCustomPointersEnumerator$2<STATSUNIT.TPair$2<SYSTEM.AnsiString,STATSUNIT.procedure StatRaces;.TFileSizeStats>,STATSUNIT.TCustomList$1$crcB2DAFBA9.PT>.T" never used
Compiling taskgenrenfo.pas
Compiling dbaddnfo.pas
Compiling taskhttpnfo.pas
Compiling http.pas
Compiling dbaddurl.pas
Compiling dbaddimdb.pas
Compiling taskhttpimdb.pas
Compiling dbtvinfo.pas
dbtvinfo.pas(17,73) Note: Values in enumeration types have to be ascending
dbtvinfo.pas(25,93) Note: Values in enumeration types have to be ascending
Compiling tasktvinfolookup.pas
Compiling news.pas
Compiling ./libs/pasmp/PasMP.pas
PasMP.pas(584,36) Warning: range check error while evaluating constants (-2147483649 must be between 0 and 4294967295)
PasMP.pas(4167,2) Note: Call to subroutine "procedure ReadWriteBarrier;" marked as inline is not inlined
PasMP.pas(7831,2) Note: Call to subroutine "procedure ReadBarrier;" marked as inline is not inlined
PasMP.pas(7847,2) Note: Call to subroutine "procedure ReadWriteBarrier;" marked as inline is not inlined
PasMP.pas(7858,2) Note: Call to subroutine "procedure WriteBarrier;" marked as inline is not inlined
PasMP.pas(7869,2) Note: Call to subroutine "procedure ReadWriteBarrier;" marked as inline is not inlined
PasMP.pas(7909,2) Note: Call to subroutine "procedure ReadWriteBarrier;" marked as inline is not inlined
PasMP.pas(10549,3) Note: Call to subroutine "procedure ReadBarrier;" marked as inline is not inlined
PasMP.pas(10551,3) Note: Call to subroutine "procedure ReadBarrier;" marked as inline is not inlined
PasMP.pas(10684,2) Note: Call to subroutine "procedure ReadWriteBarrier;" marked as inline is not inlined
PasMP.pas(10693,2) Note: Call to subroutine "procedure ReadWriteBarrier;" marked as inline is not inlined
PasMP.pas(11440,2) Note: Call to subroutine "procedure ReadWriteBarrier;" marked as inline is not inlined
PasMP.pas(11447,2) Note: Call to subroutine "procedure ReadWriteBarrier;" marked as inline is not inlined
PasMP.pas(11480,2) Note: Call to subroutine "procedure ReadWriteBarrier;" marked as inline is not inlined
PasMP.pas(11492,6) Note: Call to subroutine "procedure ReadWriteBarrier;" marked as inline is not inlined
PasMP.pas(11843,3) Note: Call to subroutine "procedure ReadWriteBarrier;" marked as inline is not inlined
PasMP.pas(11793,1) Warning: Function result variable does not seem to be initialized
PasMP.pas(11900,4) Note: Call to subroutine "procedure ReadWriteBarrier;" marked as inline is not inlined
PasMP.pas(11854,1) Warning: Function result variable does not seem to be initialized
PasMP.pas(11959,4) Note: Call to subroutine "procedure ReadWriteBarrier;" marked as inline is not inlined
PasMP.pas(11912,1) Warning: Function result variable does not seem to be initialized
PasMP.pas(12021,3) Note: Call to subroutine "procedure ReadWriteBarrier;" marked as inline is not inlined
PasMP.pas(11971,1) Warning: Function result variable does not seem to be initialized
PasMP.pas(12078,4) Note: Call to subroutine "procedure ReadWriteBarrier;" marked as inline is not inlined
PasMP.pas(12032,1) Warning: Function result variable does not seem to be initialized
PasMP.pas(12137,4) Note: Call to subroutine "procedure ReadWriteBarrier;" marked as inline is not inlined
PasMP.pas(12090,1) Warning: Function result variable does not seem to be initialized
PasMP.pas(12232,3) Note: Call to subroutine "procedure ReadWriteBarrier;" marked as inline is not inlined
PasMP.pas(12262,3) Note: Call to subroutine "procedure ReadWriteBarrier;" marked as inline is not inlined
PasMP.pas(14162,3) Note: Call to subroutine "procedure ReadWriteBarrier;" marked as inline is not inlined
PasMP.pas(14202,2) Note: Call to subroutine "procedure ReadWriteBarrier;" marked as inline is not inlined
PasMP.pas(14230,2) Note: Call to subroutine "procedure ReadWriteBarrier;" marked as inline is not inlined
PasMP.pas(14347,24) Note: Call to subroutine "function TPasMPJobWorkerThread.IsJobAffinityCompatible(const aJob:PPasMPJob):Boolean;" marked as inline is not inlined
PasMP.pas(14842,8) Note: Call to subroutine "procedure ReadWriteBarrier;" marked as inline is not inlined
PasMP.pas(14947,2) Note: Call to subroutine "procedure TPasMP.Run(const Job:PPasMPJob;const GlobalQueue:Boolean=`FALSE`);" marked as inline is not inlined
PasMP.pas(15415,2) Note: Call to subroutine "procedure ReadWriteBarrier;" marked as inline is not inlined
PasMP.pas(15431,5) Note: Call to subroutine "procedure ReadWriteBarrier;" marked as inline is not inlined
PasMP.pas(16185,5) Note: Local variable "ThreadIndex" not used
PasMP.pas(16289,10) Note: Call to subroutine "function TPasMP.GetThreadIDHash(ThreadID:QWord):DWord; Static;" marked as inline is not inlined
PasMP.pas(16289,10) Note: Call to subroutine "function TPasMPThreadSafeStack.Pop:^untyped;" marked as inline is not inlined
PasMP.pas(16294,10) Note: Call to subroutine "function TPasMP.GetThreadIDHash(ThreadID:QWord):DWord; Static;" marked as inline is not inlined
PasMP.pas(16294,10) Note: Call to subroutine "function TPasMPThreadSafeStack.Pop:^untyped;" marked as inline is not inlined
PasMP.pas(16299,10) Note: Call to subroutine "function TPasMP.GetThreadIDHash(ThreadID:QWord):DWord; Static;" marked as inline is not inlined
PasMP.pas(16299,10) Note: Call to subroutine "function TPasMPThreadSafeStack.Pop:^untyped;" marked as inline is not inlined
PasMP.pas(16355,3) Note: Call to subroutine "procedure TPasMP.Run(const Job:PPasMPJob;const GlobalQueue:Boolean=`FALSE`);" marked as inline is not inlined
PasMP.pas(16411,4) Note: Call to subroutine "procedure TPasMP.PushJob(const Job:PPasMPJob;const JobWorkerThread:TPasMPJobWorkerThread);" marked as inline is not inlined
PasMP.pas(16414,4) Note: Call to subroutine "procedure TPasMP.PushJob(const Job:PPasMPJob;const JobWorkerThread:TPasMPJobWorkerThread);" marked as inline is not inlined
PasMP.pas(16439,3) Note: Call to subroutine "procedure TPasMP.PushJob(const Job:PPasMPJob;const JobWorkerThread:TPasMPJobWorkerThread);" marked as inline is not inlined
PasMP.pas(16439,3) Note: Call to subroutine "procedure TPasMP.PushJob(const Job:PPasMPJob;const JobWorkerThread:TPasMPJobWorkerThread);" marked as inline is not inlined
PasMP.pas(16471,5) Note: Call to subroutine "procedure TPasMP.Run(const Job:PPasMPJob;const GlobalQueue:Boolean=`FALSE`);" marked as inline is not inlined
PasMP.pas(16501,3) Note: Call to subroutine "procedure TPasMP.Run(const Job:PPasMPJob;const GlobalQueue:Boolean=`FALSE`);" marked as inline is not inlined
PasMP.pas(16543,5) Note: Call to subroutine "procedure ReadWriteBarrier;" marked as inline is not inlined
PasMP.pas(16561,3) Note: Call to subroutine "procedure ReadWriteBarrier;" marked as inline is not inlined
PasMP.pas(16579,4) Note: Call to subroutine "procedure ReadWriteBarrier;" marked as inline is not inlined
PasMP.pas(16697,3) Note: Call to subroutine "function TPasMP.GetThreadIDHash(ThreadID:QWord):DWord; Static;" marked as inline is not inlined
PasMP.pas(16697,3) Note: Call to subroutine "procedure TPasMP.PushJob(const Job:PPasMPJob;const JobWorkerThread:TPasMPJobWorkerThread);" marked as inline is not inlined
PasMP.pas(16725,3) Note: Call to subroutine "function TPasMP.GetThreadIDHash(ThreadID:QWord):DWord; Static;" marked as inline is not inlined
PasMP.pas(16725,3) Note: Call to subroutine "procedure TPasMP.PushJob(const Job:PPasMPJob;const JobWorkerThread:TPasMPJobWorkerThread);" marked as inline is not inlined
PasMP.pas(16740,2) Note: Call to subroutine "function TPasMP.GetJobWorkerThread:TPasMPJobWorkerThread;" marked as inline is not inlined
PasMP.pas(16740,2) Note: Call to subroutine "procedure TPasMP.PushJob(const Job:PPasMPJob;const JobWorkerThread:TPasMPJobWorkerThread);" marked as inline is not inlined
PasMP.pas(17007,5) Note: Call to subroutine "function TPasMP.GetThreadIDHash(ThreadID:QWord):DWord; Static;" marked as inline is not inlined
PasMP.pas(17007,5) Note: Call to subroutine "procedure TPasMP.PushJob(const Job:PPasMPJob;const JobWorkerThread:TPasMPJobWorkerThread);" marked as inline is not inlined
PasMP.pas(17066,5) Note: Call to subroutine "function TPasMP.GetThreadIDHash(ThreadID:QWord):DWord; Static;" marked as inline is not inlined
PasMP.pas(17066,5) Note: Call to subroutine "procedure TPasMP.PushJob(const Job:PPasMPJob;const JobWorkerThread:TPasMPJobWorkerThread);" marked as inline is not inlined
PasMP.pas(17732,3) Note: Call to subroutine "function TPasMP.GetJobWorkerThread:TPasMPJobWorkerThread;" marked as inline is not inlined
PasMP.pas(17732,3) Note: Call to subroutine "procedure TPasMP.PushJob(const Job:PPasMPJob;const JobWorkerThread:TPasMPJobWorkerThread);" marked as inline is not inlined
PasMP.pas(17950,3) Note: Call to subroutine "function TPasMP.GetJobWorkerThread:TPasMPJobWorkerThread;" marked as inline is not inlined
PasMP.pas(17950,3) Note: Call to subroutine "procedure TPasMP.PushJob(const Job:PPasMPJob;const JobWorkerThread:TPasMPJobWorkerThread);" marked as inline is not inlined
PasMP.pas(1973,8) Note: Private field "TPasMPMultipleProducerMultipleConsumerQueue$1.fPaddingHead" is never used
PasMP.pas(1975,8) Note: Private field "TPasMPMultipleProducerMultipleConsumerQueue$1.fPaddingTail" is never used
news.pas(174,40) Warning: Implicit string type conversion from "AnsiString" to "UnicodeString"
news.pas(174,84) Warning: Implicit string type conversion with potential data loss from "UnicodeString" to "AnsiString"
news.pas(174,107) Warning: Implicit string type conversion with potential data loss from "UnicodeString" to "AnsiString"
news.pas(174,130) Warning: Implicit string type conversion with potential data loss from "UnicodeString" to "AnsiString"
news.pas(174,153) Warning: Implicit string type conversion with potential data loss from "UnicodeString" to "AnsiString"
news.pas(174,176) Warning: Implicit string type conversion with potential data loss from "UnicodeString" to "AnsiString"
tasktvinfolookup.pas(78,23) Warning: Implicit string type conversion from "AnsiString" to "UnicodeString"
tasktvinfolookup.pas(80,16) Warning: Implicit string type conversion with potential data loss from "UnicodeString" to "AnsiString"
tasktvinfolookup.pas(85,39) Warning: Implicit string type conversion from "AnsiString" to "UnicodeString"
tasktvinfolookup.pas(85,22) Warning: Implicit string type conversion with potential data loss from "UnicodeString" to "AnsiString"
tasktvinfolookup.pas(92,23) Warning: Implicit string type conversion from "AnsiString" to "UnicodeString"
tasktvinfolookup.pas(94,19) Warning: Implicit string type conversion with potential data loss from "UnicodeString" to "AnsiString"
tasktvinfolookup.pas(95,37) Warning: Implicit string type conversion from "AnsiString" to "UnicodeString"
tasktvinfolookup.pas(95,20) Warning: Implicit string type conversion with potential data loss from "UnicodeString" to "AnsiString"
tasktvinfolookup.pas(142,99) Note: Call to subroutine "operator :=(const source:Variant):AnsiString;" marked as inline is not inlined
tasktvinfolookup.pas(142,78) Note: Call to subroutine "operator :=(const source:ShortString):Variant;" marked as inline is not inlined
tasktvinfolookup.pas(142,92) Note: Call to subroutine "operator :=(const source:ShortString):Variant;" marked as inline is not inlined
tasktvinfolookup.pas(144,157) Note: Call to subroutine "operator :=(const source:Variant):Double;" marked as inline is not inlined
tasktvinfolookup.pas(144,149) Note: Call to subroutine "operator :=(const source:ShortString):Variant;" marked as inline is not inlined
tasktvinfolookup.pas(148,93) Note: Call to subroutine "operator :=(const source:Variant):AnsiString;" marked as inline is not inlined
tasktvinfolookup.pas(148,124) Note: Call to subroutine "operator :=(const source:ShortString):Variant;" marked as inline is not inlined
tasktvinfolookup.pas(148,136) Note: Call to subroutine "operator :=(const source:ShortString):Variant;" marked as inline is not inlined
tasktvinfolookup.pas(148,146) Note: Call to subroutine "operator :=(const source:Variant):AnsiString;" marked as inline is not inlined
tasktvinfolookup.pas(148,177) Note: Call to subroutine "operator :=(const source:ShortString):Variant;" marked as inline is not inlined
tasktvinfolookup.pas(148,191) Note: Call to subroutine "operator :=(const source:ShortString):Variant;" marked as inline is not inlined
tasktvinfolookup.pas(151,40) Note: Call to subroutine "operator :=(const source:ShortString):Variant;" marked as inline is not inlined
tasktvinfolookup.pas(151,57) Note: Call to subroutine "operator :=(const source:ShortString):Variant;" marked as inline is not inlined
tasktvinfolookup.pas(153,42) Note: Call to subroutine "operator :=(const source:ShortString):Variant;" marked as inline is not inlined
tasktvinfolookup.pas(153,59) Note: Call to subroutine "operator :=(const source:ShortString):Variant;" marked as inline is not inlined
tasktvinfolookup.pas(153,76) Note: Call to subroutine "operator :=(const source:ShortString):Variant;" marked as inline is not inlined
tasktvinfolookup.pas(154,31) Note: Call to subroutine "operator :=(const source:Variant):AnsiString;" marked as inline is not inlined
tasktvinfolookup.pas(154,62) Note: Call to subroutine "operator :=(const source:ShortString):Variant;" marked as inline is not inlined
tasktvinfolookup.pas(154,79) Note: Call to subroutine "operator :=(const source:ShortString):Variant;" marked as inline is not inlined
tasktvinfolookup.pas(154,96) Note: Call to subroutine "operator :=(const source:ShortString):Variant;" marked as inline is not inlined
tasktvinfolookup.pas(154,110) Note: Call to subroutine "operator :=(const source:ShortString):Variant;" marked as inline is not inlined
tasktvinfolookup.pas(157,40) Note: Call to subroutine "operator :=(const source:ShortString):Variant;" marked as inline is not inlined
tasktvinfolookup.pas(157,60) Note: Call to subroutine "operator :=(const source:ShortString):Variant;" marked as inline is not inlined
tasktvinfolookup.pas(159,42) Note: Call to subroutine "operator :=(const source:ShortString):Variant;" marked as inline is not inlined
tasktvinfolookup.pas(159,62) Note: Call to subroutine "operator :=(const source:ShortString):Variant;" marked as inline is not inlined
tasktvinfolookup.pas(159,79) Note: Call to subroutine "operator :=(const source:ShortString):Variant;" marked as inline is not inlined
tasktvinfolookup.pas(160,31) Note: Call to subroutine "operator :=(const source:Variant):AnsiString;" marked as inline is not inlined
tasktvinfolookup.pas(160,62) Note: Call to subroutine "operator :=(const source:ShortString):Variant;" marked as inline is not inlined
tasktvinfolookup.pas(160,82) Note: Call to subroutine "operator :=(const source:ShortString):Variant;" marked as inline is not inlined
tasktvinfolookup.pas(160,99) Note: Call to subroutine "operator :=(const source:ShortString):Variant;" marked as inline is not inlined
tasktvinfolookup.pas(160,113) Note: Call to subroutine "operator :=(const source:ShortString):Variant;" marked as inline is not inlined
tasktvinfolookup.pas(170,27) Note: Call to subroutine "operator :=(const source:Variant):AnsiString;" marked as inline is not inlined
tasktvinfolookup.pas(170,58) Note: Call to subroutine "operator :=(const source:ShortString):Variant;" marked as inline is not inlined
tasktvinfolookup.pas(170,70) Note: Call to subroutine "operator :=(const source:ShortString):Variant;" marked as inline is not inlined
tasktvinfolookup.pas(174,73) Note: Call to subroutine "operator :=(const source:Variant):AnsiString;" marked as inline is not inlined
tasktvinfolookup.pas(174,104) Note: Call to subroutine "operator :=(const source:ShortString):Variant;" marked as inline is not inlined
tasktvinfolookup.pas(174,118) Note: Call to subroutine "operator :=(const source:ShortString):Variant;" marked as inline is not inlined
tasktvinfolookup.pas(175,27) Note: Call to subroutine "operator :=(const source:Variant):AnsiString;" marked as inline is not inlined
tasktvinfolookup.pas(175,58) Note: Call to subroutine "operator :=(const source:ShortString):Variant;" marked as inline is not inlined
tasktvinfolookup.pas(175,71) Note: Call to subroutine "operator :=(const source:ShortString):Variant;" marked as inline is not inlined
tasktvinfolookup.pas(176,15) Note: Call to subroutine "operator :=(const source:Variant):AnsiString;" marked as inline is not inlined
tasktvinfolookup.pas(176,46) Note: Call to subroutine "operator :=(const source:ShortString):Variant;" marked as inline is not inlined
tasktvinfolookup.pas(176,58) Note: Call to subroutine "operator :=(const source:ShortString):Variant;" marked as inline is not inlined
tasktvinfolookup.pas(183,40) Note: Call to subroutine "operator :=(const source:ShortString):Variant;" marked as inline is not inlined
tasktvinfolookup.pas(183,59) Note: Call to subroutine "operator :=(const source:ShortString):Variant;" marked as inline is not inlined
tasktvinfolookup.pas(185,13) Note: Call to subroutine "operator :=(const source:Variant):AnsiString;" marked as inline is not inlined
tasktvinfolookup.pas(184,69) Note: Call to subroutine "operator :=(const source:ShortString):Variant;" marked as inline is not inlined
tasktvinfolookup.pas(184,88) Note: Call to subroutine "operator :=(const source:ShortString):Variant;" marked as inline is not inlined
tasktvinfolookup.pas(191,27) Note: Call to subroutine "operator :=(const source:Variant):AnsiString;" marked as inline is not inlined
tasktvinfolookup.pas(191,58) Note: Call to subroutine "operator :=(const source:ShortString):Variant;" marked as inline is not inlined
tasktvinfolookup.pas(191,70) Note: Call to subroutine "operator :=(const source:ShortString):Variant;" marked as inline is not inlined
tasktvinfolookup.pas(195,73) Note: Call to subroutine "operator :=(const source:Variant):AnsiString;" marked as inline is not inlined
tasktvinfolookup.pas(195,104) Note: Call to subroutine "operator :=(const source:ShortString):Variant;" marked as inline is not inlined
tasktvinfolookup.pas(195,118) Note: Call to subroutine "operator :=(const source:ShortString):Variant;" marked as inline is not inlined
tasktvinfolookup.pas(196,33) Note: Call to subroutine "operator :=(const source:Variant):AnsiString;" marked as inline is not inlined
tasktvinfolookup.pas(196,64) Note: Call to subroutine "operator :=(const source:ShortString):Variant;" marked as inline is not inlined
tasktvinfolookup.pas(196,77) Note: Call to subroutine "operator :=(const source:ShortString):Variant;" marked as inline is not inlined
tasktvinfolookup.pas(197,15) Note: Call to subroutine "operator :=(const source:Variant):AnsiString;" marked as inline is not inlined
tasktvinfolookup.pas(197,46) Note: Call to subroutine "operator :=(const source:ShortString):Variant;" marked as inline is not inlined
tasktvinfolookup.pas(197,58) Note: Call to subroutine "operator :=(const source:ShortString):Variant;" marked as inline is not inlined
tasktvinfolookup.pas(206,23) Note: Call to subroutine "operator :=(const source:Variant):AnsiString;" marked as inline is not inlined
tasktvinfolookup.pas(206,54) Note: Call to subroutine "operator :=(const source:ShortString):Variant;" marked as inline is not inlined
tasktvinfolookup.pas(206,66) Note: Call to subroutine "operator :=(const source:ShortString):Variant;" marked as inline is not inlined
tasktvinfolookup.pas(210,67) Note: Call to subroutine "operator :=(const source:Variant):AnsiString;" marked as inline is not inlined
tasktvinfolookup.pas(210,98) Note: Call to subroutine "operator :=(const source:ShortString):Variant;" marked as inline is not inlined
tasktvinfolookup.pas(210,112) Note: Call to subroutine "operator :=(const source:ShortString):Variant;" marked as inline is not inlined
tasktvinfolookup.pas(211,15) Note: Call to subroutine "operator :=(const source:Variant):AnsiString;" marked as inline is not inlined
tasktvinfolookup.pas(211,46) Note: Call to subroutine "operator :=(const source:ShortString):Variant;" marked as inline is not inlined
tasktvinfolookup.pas(211,59) Note: Call to subroutine "operator :=(const source:ShortString):Variant;" marked as inline is not inlined
tasktvinfolookup.pas(212,15) Note: Call to subroutine "operator :=(const source:Variant):AnsiString;" marked as inline is not inlined
tasktvinfolookup.pas(212,46) Note: Call to subroutine "operator :=(const source:ShortString):Variant;" marked as inline is not inlined
tasktvinfolookup.pas(212,58) Note: Call to subroutine "operator :=(const source:ShortString):Variant;" marked as inline is not inlined
tasktvinfolookup.pas(268,94) Note: Call to subroutine "operator :=(const source:ShortString):Variant;" marked as inline is not inlined
tasktvinfolookup.pas(270,58) Note: Call to subroutine "operator :=(const source:ShortString):Variant;" marked as inline is not inlined
tasktvinfolookup.pas(270,74) Note: Call to subroutine "operator :=(const source:ShortString):Variant;" marked as inline is not inlined
tasktvinfolookup.pas(271,113) Note: Call to subroutine "operator :=(const source:Variant):AnsiString;" marked as inline is not inlined
tasktvinfolookup.pas(271,89) Note: Call to subroutine "operator :=(const source:ShortString):Variant;" marked as inline is not inlined
tasktvinfolookup.pas(271,105) Note: Call to subroutine "operator :=(const source:ShortString):Variant;" marked as inline is not inlined
tasktvinfolookup.pas(275,58) Note: Call to subroutine "operator :=(const source:ShortString):Variant;" marked as inline is not inlined
tasktvinfolookup.pas(275,74) Note: Call to subroutine "operator :=(const source:ShortString):Variant;" marked as inline is not inlined
tasktvinfolookup.pas(276,113) Note: Call to subroutine "operator :=(const source:Variant):AnsiString;" marked as inline is not inlined
tasktvinfolookup.pas(276,89) Note: Call to subroutine "operator :=(const source:ShortString):Variant;" marked as inline is not inlined
tasktvinfolookup.pas(276,105) Note: Call to subroutine "operator :=(const source:ShortString):Variant;" marked as inline is not inlined
tasktvinfolookup.pas(281,10) Note: Call to subroutine "operator :=(const source:Variant):AnsiString;" marked as inline is not inlined
tasktvinfolookup.pas(281,64) Note: Call to subroutine "operator :=(const source:ShortString):Variant;" marked as inline is not inlined
tasktvinfolookup.pas(281,81) Note: Call to subroutine "operator :=(const source:ShortString):Variant;" marked as inline is not inlined
tasktvinfolookup.pas(284,17) Note: Call to subroutine "operator :=(const source:Variant):AnsiString;" marked as inline is not inlined
tasktvinfolookup.pas(284,71) Note: Call to subroutine "operator :=(const source:ShortString):Variant;" marked as inline is not inlined
tasktvinfolookup.pas(284,88) Note: Call to subroutine "operator :=(const source:ShortString):Variant;" marked as inline is not inlined
tasktvinfolookup.pas(286,59) Note: Call to subroutine "operator :=(const source:ShortString):Variant;" marked as inline is not inlined
tasktvinfolookup.pas(286,76) Note: Call to subroutine "operator :=(const source:ShortString):Variant;" marked as inline is not inlined
tasktvinfolookup.pas(286,91) Note: Call to subroutine "operator :=(const source:Variant):AnsiString;" marked as inline is not inlined
tasktvinfolookup.pas(286,145) Note: Call to subroutine "operator :=(const source:ShortString):Variant;" marked as inline is not inlined
tasktvinfolookup.pas(286,162) Note: Call to subroutine "operator :=(const source:ShortString):Variant;" marked as inline is not inlined
tasktvinfolookup.pas(288,33) Note: Call to subroutine "operator :=(const source:Variant):AnsiString;" marked as inline is not inlined
tasktvinfolookup.pas(288,87) Note: Call to subroutine "operator :=(const source:ShortString):Variant;" marked as inline is not inlined
tasktvinfolookup.pas(288,104) Note: Call to subroutine "operator :=(const source:ShortString):Variant;" marked as inline is not inlined
tasktvinfolookup.pas(301,90) Note: Call to subroutine "operator :=(const source:ShortString):Variant;" marked as inline is not inlined
tasktvinfolookup.pas(303,107) Note: Call to subroutine "operator :=(const source:Variant):AnsiString;" marked as inline is not inlined
tasktvinfolookup.pas(303,83) Note: Call to subroutine "operator :=(const source:ShortString):Variant;" marked as inline is not inlined
tasktvinfolookup.pas(303,99) Note: Call to subroutine "operator :=(const source:ShortString):Variant;" marked as inline is not inlined
tasktvinfolookup.pas(304,107) Note: Call to subroutine "operator :=(const source:Variant):AnsiString;" marked as inline is not inlined
tasktvinfolookup.pas(304,83) Note: Call to subroutine "operator :=(const source:ShortString):Variant;" marked as inline is not inlined
tasktvinfolookup.pas(304,99) Note: Call to subroutine "operator :=(const source:ShortString):Variant;" marked as inline is not inlined
tasktvinfolookup.pas(307,10) Note: Call to subroutine "operator :=(const source:Variant):AnsiString;" marked as inline is not inlined
tasktvinfolookup.pas(307,60) Note: Call to subroutine "operator :=(const source:ShortString):Variant;" marked as inline is not inlined
tasktvinfolookup.pas(307,77) Note: Call to subroutine "operator :=(const source:ShortString):Variant;" marked as inline is not inlined
tasktvinfolookup.pas(310,17) Note: Call to subroutine "operator :=(const source:Variant):AnsiString;" marked as inline is not inlined
tasktvinfolookup.pas(310,67) Note: Call to subroutine "operator :=(const source:ShortString):Variant;" marked as inline is not inlined
tasktvinfolookup.pas(310,84) Note: Call to subroutine "operator :=(const source:ShortString):Variant;" marked as inline is not inlined
tasktvinfolookup.pas(312,31) Note: Call to subroutine "operator :=(const source:Variant):AnsiString;" marked as inline is not inlined
tasktvinfolookup.pas(312,81) Note: Call to subroutine "operator :=(const source:ShortString):Variant;" marked as inline is not inlined
tasktvinfolookup.pas(312,98) Note: Call to subroutine "operator :=(const source:ShortString):Variant;" marked as inline is not inlined
tasktvinfolookup.pas(369,11) Note: Call to subroutine "operator :=(const source:Variant):AnsiString;" marked as inline is not inlined
tasktvinfolookup.pas(425,69) Note: Call to subroutine "operator :=(const source:Variant):UnicodeString;" marked as inline is not inlined
tasktvinfolookup.pas(433,22) Note: Call to subroutine "operator :=(const source:Variant):AnsiString;" marked as inline is not inlined
tasktvinfolookup.pas(434,63) Note: Call to subroutine "operator :=(const source:Variant):UnicodeString;" marked as inline is not inlined
tasktvinfolookup.pas(437,75) Note: Call to subroutine "operator :=(const source:Variant):UnicodeString;" marked as inline is not inlined
tasktvinfolookup.pas(444,71) Note: Call to subroutine "operator :=(const source:Variant):UnicodeString;" marked as inline is not inlined
tasktvinfolookup.pas(449,77) Note: Call to subroutine "operator :=(const source:Variant):UnicodeString;" marked as inline is not inlined
tasktvinfolookup.pas(454,45) Note: Call to subroutine "operator :=(const source:ShortString):Variant;" marked as inline is not inlined
tasktvinfolookup.pas(455,25) Note: Call to subroutine "operator :=(const source:Variant):AnsiString;" marked as inline is not inlined
tasktvinfolookup.pas(455,69) Note: Call to subroutine "operator :=(const source:ShortString):Variant;" marked as inline is not inlined
tasktvinfolookup.pas(458,44) Note: Call to subroutine "operator :=(const source:ShortString):Variant;" marked as inline is not inlined
tasktvinfolookup.pas(459,24) Note: Call to subroutine "operator :=(const source:Variant):AnsiString;" marked as inline is not inlined
tasktvinfolookup.pas(459,67) Note: Call to subroutine "operator :=(const source:ShortString):Variant;" marked as inline is not inlined
tasktvinfolookup.pas(465,92) Note: Call to subroutine "operator :=(const source:Variant):UnicodeString;" marked as inline is not inlined
tasktvinfolookup.pas(465,84) Note: Call to subroutine "operator :=(const source:ShortString):Variant;" marked as inline is not inlined
tasktvinfolookup.pas(467,50) Note: Call to subroutine "operator :=(const source:ShortString):Variant;" marked as inline is not inlined
tasktvinfolookup.pas(470,29) Note: Call to subroutine "operator :=(const source:Variant):AnsiString;" marked as inline is not inlined
tasktvinfolookup.pas(470,74) Note: Call to subroutine "operator :=(const source:ShortString):Variant;" marked as inline is not inlined
tasktvinfolookup.pas(470,88) Note: Call to subroutine "operator :=(const source:ShortString):Variant;" marked as inline is not inlined
tasktvinfolookup.pas(480,87) Note: Call to subroutine "operator :=(const source:Variant):UnicodeString;" marked as inline is not inlined
tasktvinfolookup.pas(480,79) Note: Call to subroutine "operator :=(const source:ShortString):Variant;" marked as inline is not inlined
tasktvinfolookup.pas(482,45) Note: Call to subroutine "operator :=(const source:ShortString):Variant;" marked as inline is not inlined
tasktvinfolookup.pas(485,27) Note: Call to subroutine "operator :=(const source:Variant):AnsiString;" marked as inline is not inlined
tasktvinfolookup.pas(485,69) Note: Call to subroutine "operator :=(const source:ShortString):Variant;" marked as inline is not inlined
tasktvinfolookup.pas(485,83) Note: Call to subroutine "operator :=(const source:ShortString):Variant;" marked as inline is not inlined
tasktvinfolookup.pas(494,54) Note: Call to subroutine "operator :=(const source:ShortString):Variant;" marked as inline is not inlined
tasktvinfolookup.pas(495,97) Note: Call to subroutine "operator :=(const source:Variant):UnicodeString;" marked as inline is not inlined
tasktvinfolookup.pas(495,80) Note: Call to subroutine "operator :=(const source:ShortString):Variant;" marked as inline is not inlined
tasktvinfolookup.pas(500,83) Note: Call to subroutine "operator :=(const source:Variant):UnicodeString;" marked as inline is not inlined
tasktvinfolookup.pas(505,84) Note: Call to subroutine "operator :=(const source:Variant):AnsiString;" marked as inline is not inlined
tasktvinfolookup.pas(523,92) Note: Call to subroutine "operator :=(const source:ShortString):Variant;" marked as inline is not inlined
tasktvinfolookup.pas(524,123) Note: Call to subroutine "operator :=(const source:Variant):AnsiString;" marked as inline is not inlined
tasktvinfolookup.pas(524,98) Note: Call to subroutine "operator :=(const source:ShortString):Variant;" marked as inline is not inlined
tasktvinfolookup.pas(524,115) Note: Call to subroutine "operator :=(const source:ShortString):Variant;" marked as inline is not inlined
tasktvinfolookup.pas(526,88) Note: Call to subroutine "operator :=(const source:ShortString):Variant;" marked as inline is not inlined
tasktvinfolookup.pas(528,21) Note: Call to subroutine "operator :=(const source:Variant):AnsiString;" marked as inline is not inlined
tasktvinfolookup.pas(528,62) Note: Call to subroutine "operator :=(const source:ShortString):Variant;" marked as inline is not inlined
Compiling sllanguagebase.pas
generics.collections.pas(1186,20) Note: Call to subroutine "function TEnumerable<sllanguagebase.TSLLanguages>.GetEnumerator:TEnumerator$1<SLLANGUAGEBASE.TSLLanguages>;" marked as inline is not inlined
generics.collections.pas(1186,20) Note: Call to subroutine "function TEnumerable<sllanguagebase.TMusicLanguage>.GetEnumerator:TEnumerator$1<SLLANGUAGEBASE.TMusicLanguage>;" marked as inline is not inlined
sllanguagebase.pas(235,72) Warning: Implicit string type conversion from "AnsiString" to "UnicodeString"
sllanguagebase.pas(236,29) Warning: Implicit string type conversion from "AnsiString" to "UnicodeString"
generics.collections.pas(144,52) Note: Private type "TCustomPointersEnumerator$2<SLLANGUAGEBASE.TSLLanguages,SLLANGUAGEBASE.TCustomList$1$crc241E4571.PT>.T" never used
generics.collections.pas(144,52) Note: Private type "TCustomPointersEnumerator$2<SLLANGUAGEBASE.TMusicLanguage,SLLANGUAGEBASE.TCustomList$1$crc44D9CC94.PT>.T" never used
generics.collections.pas(1186,20) Note: Call to subroutine "function TEnumerable<System.AnsiString>.GetEnumerator:TEnumerator$1<SYSTEM.AnsiString>;" marked as inline is not inlined
dbtvinfo.pas(205,24) Warning: Implicit string type conversion from "AnsiString" to "UnicodeString"
dbtvinfo.pas(207,21) Warning: Implicit string type conversion with potential data loss from "UnicodeString" to "AnsiString"
dbtvinfo.pas(214,52) Warning: Implicit string type conversion with potential data loss from "UnicodeString" to "AnsiString"
dbtvinfo.pas(214,75) Warning: Implicit string type conversion with potential data loss from "UnicodeString" to "AnsiString"
dbtvinfo.pas(214,98) Warning: Implicit string type conversion with potential data loss from "UnicodeString" to "AnsiString"
dbtvinfo.pas(215,50) Warning: Implicit string type conversion with potential data loss from "UnicodeString" to "AnsiString"
dbtvinfo.pas(215,73) Warning: Implicit string type conversion with potential data loss from "UnicodeString" to "AnsiString"
dbtvinfo.pas(215,96) Warning: Implicit string type conversion with potential data loss from "UnicodeString" to "AnsiString"
dbtvinfo.pas(222,137) Warning: Implicit string type conversion with potential data loss from "UnicodeString" to "AnsiString"
dbtvinfo.pas(223,133) Warning: Implicit string type conversion with potential data loss from "UnicodeString" to "AnsiString"
dbtvinfo.pas(236,24) Warning: Implicit string type conversion from "AnsiString" to "UnicodeString"
dbtvinfo.pas(238,21) Warning: Implicit string type conversion with potential data loss from "UnicodeString" to "AnsiString"
dbtvinfo.pas(245,33) Warning: Implicit string type conversion with potential data loss from "UnicodeString" to "AnsiString"
dbtvinfo.pas(247,42) Warning: Implicit string type conversion with potential data loss from "UnicodeString" to "AnsiString"
dbtvinfo.pas(249,35) Warning: Implicit string type conversion with potential data loss from "UnicodeString" to "AnsiString"
dbtvinfo.pas(252,45) Warning: Implicit string type conversion with potential data loss from "UnicodeString" to "AnsiString"
dbtvinfo.pas(261,33) Warning: Implicit string type conversion with potential data loss from "UnicodeString" to "AnsiString"
dbtvinfo.pas(263,42) Warning: Implicit string type conversion with potential data loss from "UnicodeString" to "AnsiString"
dbtvinfo.pas(264,43) Warning: Implicit string type conversion with potential data loss from "UnicodeString" to "AnsiString"
dbtvinfo.pas(276,24) Warning: Implicit string type conversion from "AnsiString" to "UnicodeString"
dbtvinfo.pas(278,21) Warning: Implicit string type conversion with potential data loss from "UnicodeString" to "AnsiString"
dbtvinfo.pas(286,41) Warning: Implicit string type conversion with potential data loss from "UnicodeString" to "AnsiString"
dbtvinfo.pas(288,33) Warning: Implicit string type conversion with potential data loss from "UnicodeString" to "AnsiString"
dbtvinfo.pas(290,43) Warning: Implicit string type conversion with potential data loss from "UnicodeString" to "AnsiString"
dbtvinfo.pas(298,43) Warning: Implicit string type conversion with potential data loss from "UnicodeString" to "AnsiString"
dbtvinfo.pas(310,24) Warning: Implicit string type conversion from "AnsiString" to "UnicodeString"
dbtvinfo.pas(312,21) Warning: Implicit string type conversion with potential data loss from "UnicodeString" to "AnsiString"
dbtvinfo.pas(319,33) Warning: Implicit string type conversion with potential data loss from "UnicodeString" to "AnsiString"
dbtvinfo.pas(321,43) Warning: Implicit string type conversion with potential data loss from "UnicodeString" to "AnsiString"
dbtvinfo.pas(322,42) Warning: Implicit string type conversion with potential data loss from "UnicodeString" to "AnsiString"
dbtvinfo.pas(330,43) Warning: Implicit string type conversion with potential data loss from "UnicodeString" to "AnsiString"
dbtvinfo.pas(331,42) Warning: Implicit string type conversion with potential data loss from "UnicodeString" to "AnsiString"
dbtvinfo.pas(354,104) Warning: Implicit string type conversion from "AnsiString" to "UnicodeString"
dbtvinfo.pas(355,40) Warning: Implicit string type conversion from "AnsiString" to "UnicodeString"
dbtvinfo.pas(355,23) Warning: Implicit string type conversion with potential data loss from "UnicodeString" to "AnsiString"
dbtvinfo.pas(358,40) Warning: Implicit string type conversion from "AnsiString" to "UnicodeString"
dbtvinfo.pas(358,23) Warning: Implicit string type conversion with potential data loss from "UnicodeString" to "AnsiString"
dbtvinfo.pas(361,40) Warning: Implicit string type conversion from "AnsiString" to "UnicodeString"
dbtvinfo.pas(361,23) Warning: Implicit string type conversion with potential data loss from "UnicodeString" to "AnsiString"
dbtvinfo.pas(538,16) Note: Call to subroutine "operator :=(const source:Variant):AnsiString;" marked as inline is not inlined
dbtvinfo.pas(697,44) Note: Call to subroutine "operator :=(const source:ShortString):Variant;" marked as inline is not inlined
dbtvinfo.pas(697,90) Note: Call to subroutine "operator :=(const source:ShortString):Variant;" marked as inline is not inlined
dbtvinfo.pas(699,44) Note: Call to subroutine "operator :=(const source:ShortString):Variant;" marked as inline is not inlined
dbtvinfo.pas(699,90) Note: Call to subroutine "operator :=(const source:ShortString):Variant;" marked as inline is not inlined
dbtvinfo.pas(702,78) Note: Call to subroutine "operator :=(const source:Variant):AnsiString;" marked as inline is not inlined
dbtvinfo.pas(702,70) Note: Call to subroutine "operator :=(const source:ShortString):Variant;" marked as inline is not inlined
dbtvinfo.pas(703,79) Note: Call to subroutine "operator :=(const source:Variant):AnsiString;" marked as inline is not inlined
dbtvinfo.pas(703,71) Note: Call to subroutine "operator :=(const source:ShortString):Variant;" marked as inline is not inlined
dbtvinfo.pas(707,45) Note: Call to subroutine "operator :=(const source:ShortString):Variant;" marked as inline is not inlined
dbtvinfo.pas(707,92) Note: Call to subroutine "operator :=(const source:ShortString):Variant;" marked as inline is not inlined
dbtvinfo.pas(715,19) Note: Call to subroutine "operator :=(const source:Variant):AnsiString;" marked as inline is not inlined
dbtvinfo.pas(715,60) Note: Call to subroutine "operator :=(const source:ShortString):Variant;" marked as inline is not inlined
dbtvinfo.pas(1432,9) Note: Call to subroutine "procedure TDocVariantData.Init(const aOptions:TDocVariantOptions=`<set>`);" marked as inline is not inlined
dbtvinfo.pas(1433,87) Note: Call to subroutine "operator :=(const source:Int64):Variant;" marked as inline is not inlined
dbtvinfo.pas(1434,87) Note: Call to subroutine "operator :=(const source:UTF8String):Variant;" marked as inline is not inlined
dbtvinfo.pas(1435,85) Note: Call to subroutine "operator :=(const source:UTF8String):Variant;" marked as inline is not inlined
dbtvinfo.pas(1436,83) Note: Call to subroutine "operator :=(const source:UTF8String):Variant;" marked as inline is not inlined
dbtvinfo.pas(1437,99) Note: Call to subroutine "operator :=(const source:UTF8String):Variant;" marked as inline is not inlined
dbtvinfo.pas(1438,85) Note: Call to subroutine "operator :=(const source:UTF8String):Variant;" marked as inline is not inlined
dbtvinfo.pas(1439,81) Note: Call to subroutine "operator :=(const source:UTF8String):Variant;" marked as inline is not inlined
dbtvinfo.pas(1440,90) Note: Call to subroutine "operator :=(const source:UTF8String):Variant;" marked as inline is not inlined
dbtvinfo.pas(1441,97) Note: Call to subroutine "operator :=(const source:Int64):Variant;" marked as inline is not inlined
dbtvinfo.pas(1442,82) Note: Call to subroutine "operator :=(const source:Int64):Variant;" marked as inline is not inlined
dbtvinfo.pas(1443,93) Note: Call to subroutine "operator :=(const source:Int64):Variant;" marked as inline is not inlined
generics.collections.pas(144,52) Note: Private type "TCustomPointersEnumerator$2<SYSTEM.AnsiString,DBTVINFO.TCustomList$1$crc6824777A.PT>.T" never used
Compiling imdbapi.pas
taskhttpimdb.pas(68,27) Warning: Implicit string type conversion from "AnsiString" to "UnicodeString"
taskhttpimdb.pas(71,18) Warning: Implicit string type conversion with potential data loss from "WideString" to "AnsiString"
taskhttpimdb.pas(72,21) Warning: Implicit string type conversion with potential data loss from "WideString" to "AnsiString"
generics.collections.pas(1186,20) Note: Call to subroutine "function TEnumerable<System.AnsiString>.GetEnumerator:TEnumerator$1<SYSTEM.AnsiString>;" marked as inline is not inlined
generics.collections.pas(1186,20) Note: Call to subroutine "function TEnumerable<taskhttpimdb.TPair<System.AnsiString,System.AnsiString>>.GetEnumerator:TEnumerator$1<TASKHTTPIMDB.TPair$2<SYSTEM.AnsiString,SYSTEM.AnsiString>>;" marked as inline is not inlined
generics.defaults.pas(2634,1) Warning: function result variable of a managed type does not seem to be initialized
generics.dictionaries.inc(191,92) Warning: Constructing a class "TCustomDictionaryEnumerator$4$crc8B3AC466" with abstract method "DoMoveNext"
generics.dictionaries.inc(191,92) Warning: Constructing a class "TCustomDictionaryEnumerator$4$crc8B3AC466" with abstract method "GetCurrent"
generics.dictionaries.inc(191,92) Warning: Constructing a class "TCustomDictionaryEnumerator$4$crc8B3AC466" with abstract method "DoMoveNext"
generics.dictionaries.inc(191,92) Warning: Constructing a class "TCustomDictionaryEnumerator$4$crc8B3AC466" with abstract method "GetCurrent"
generics.collections.pas(1186,20) Note: Call to subroutine "function TEnumerable<System.LongInt>.GetEnumerator:TEnumerator$1<SYSTEM.LongInt>;" marked as inline is not inlined
generics.collections.pas(1186,20) Note: Call to subroutine "function TEnumerable<taskhttpimdb.TPair<System.AnsiString,System.LongInt>>.GetEnumerator:TEnumerator$1<TASKHTTPIMDB.TPair$2<SYSTEM.AnsiString,SYSTEM.LongInt>>;" marked as inline is not inlined
generics.dictionaries.inc(191,92) Warning: Constructing a class "TCustomDictionaryEnumerator$4$crc3557DBD5" with abstract method "DoMoveNext"
generics.dictionaries.inc(191,92) Warning: Constructing a class "TCustomDictionaryEnumerator$4$crc3557DBD5" with abstract method "GetCurrent"
generics.dictionaries.inc(191,92) Warning: Constructing a class "TCustomDictionaryEnumerator$4$crc78D6A1DB" with abstract method "DoMoveNext"
generics.dictionaries.inc(191,92) Warning: Constructing a class "TCustomDictionaryEnumerator$4$crc78D6A1DB" with abstract method "GetCurrent"
generics.defaults.pas(2634,1) Warning: function result variable of a managed type does not seem to be initialized
taskhttpimdb.pas(101,27) Warning: Implicit string type conversion from "AnsiString" to "UnicodeString"
taskhttpimdb.pas(102,17) Warning: Implicit string type conversion with potential data loss from "WideString" to "AnsiString"
taskhttpimdb.pas(119,27) Warning: Implicit string type conversion from "AnsiString" to "UnicodeString"
taskhttpimdb.pas(121,26) Warning: Implicit string type conversion with potential data loss from "UnicodeString" to "AnsiString"
taskhttpimdb.pas(170,29) Note: Call to subroutine "operator :=(const source:Variant):AnsiString;" marked as inline is not inlined
taskhttpimdb.pas(175,31) Note: Call to subroutine "operator :=(const source:Variant):AnsiString;" marked as inline is not inlined
taskhttpimdb.pas(184,30) Note: Call to subroutine "operator :=(const source:Variant):AnsiString;" marked as inline is not inlined
taskhttpimdb.pas(188,30) Note: Call to subroutine "operator :=(const source:Variant):LongInt;" marked as inline is not inlined
taskhttpimdb.pas(198,23) Note: Call to subroutine "operator :=(const source:Variant):LongInt;" marked as inline is not inlined
taskhttpimdb.pas(204,48) Note: Call to subroutine "operator :=(const source:Variant):Double;" marked as inline is not inlined
taskhttpimdb.pas(240,23) Note: Call to subroutine "operator :=(const source:Variant):AnsiString;" marked as inline is not inlined
taskhttpimdb.pas(268,23) Note: Call to subroutine "operator :=(const source:Variant):AnsiString;" marked as inline is not inlined
taskhttpimdb.pas(364,65) Note: Call to subroutine "operator :=(const source:Variant):AnsiString;" marked as inline is not inlined
taskhttpimdb.pas(377,97) Note: Call to subroutine "operator :=(const source:OleVariant):LongInt;" marked as inline is not inlined
taskhttpimdb.pas(377,135) Note: Call to subroutine "operator :=(const source:OleVariant):LongInt;" marked as inline is not inlined
taskhttpimdb.pas(377,171) Note: Call to subroutine "operator :=(const source:OleVariant):LongInt;" marked as inline is not inlined
taskhttpimdb.pas(408,49) Note: Call to subroutine "operator :=(const source:OleVariant):LongInt;" marked as inline is not inlined
taskhttpimdb.pas(497,3) Note: Local variable "fBomCountryLinkPair" not used
generics.collections.pas(144,52) Note: Private type "TCustomPointersEnumerator$2<SYSTEM.AnsiString,TASKHTTPIMDB.TCustomList$1$crc6824777A.PT>.T" never used
generics.collections.pas(144,52) Note: Private type "TCustomPointersEnumerator$2<TASKHTTPIMDB.TPair$2<SYSTEM.AnsiString,SYSTEM.AnsiString>,TASKHTTPIMDB.TCustomList$1$crcE392704E.PT>.T" never used
generics.collections.pas(144,52) Note: Private type "TCustomPointersEnumerator$2<SYSTEM.LongInt,TASKHTTPIMDB.TCustomList$1$crc9F312717.PT>.T" never used
generics.collections.pas(144,52) Note: Private type "TCustomPointersEnumerator$2<TASKHTTPIMDB.TPair$2<SYSTEM.AnsiString,SYSTEM.LongInt>,TASKHTTPIMDB.TCustomList$1$crcA41EA641.PT>.T" never used
generics.collections.pas(1186,20) Note: Call to subroutine "function TEnumerable<dbaddimdb.TMapLanguageCountry>.GetEnumerator:TEnumerator$1<DBADDIMDB.TMapLanguageCountry>;" marked as inline is not inlined
dbaddimdb.pas(409,34) Warning: Implicit string type conversion from "AnsiString" to "UnicodeString"
dbaddimdb.pas(410,39) Warning: Implicit string type conversion from "AnsiString" to "UnicodeString"
dbaddimdb.pas(410,24) Warning: Implicit string type conversion with potential data loss from "UnicodeString" to "AnsiString"
dbaddimdb.pas(1413,3) Note: Local variable "fImdbData" not used
dbaddimdb.pas(258,3) Note: Local variable "fStrList" not used
generics.collections.pas(144,52) Note: Private type "TCustomPointersEnumerator$2<DBADDIMDB.TMapLanguageCountry,DBADDIMDB.TCustomList$1$crc3289DDC1.PT>.T" never used
dbaddnfo.pas(216,32) Warning: Implicit string type conversion from "AnsiString" to "UnicodeString"
dbaddnfo.pas(217,23) Warning: Implicit string type conversion from "AnsiString" to "UnicodeString"
dbaddnfo.pas(219,35) Warning: Implicit string type conversion with potential data loss from "UnicodeString" to "AnsiString"
dbaddnfo.pas(221,30) Warning: Implicit string type conversion with potential data loss from "UnicodeString" to "AnsiString"
dbaddnfo.pas(225,20) Warning: Implicit string type conversion with potential data loss from "UnicodeString" to "AnsiString"
Compiling taskgenredirlist.pas
taskgenredirlist.pas(299,4) Warning: Label not defined "ujra"
taskgenredirlist.pas(152,62) Note: Call to subroutine "operator :=(const source:Variant):AnsiString;" marked as inline is not inlined
taskgenredirlist.pas(155,28) Note: Call to subroutine "operator :=(const source:Variant):AnsiString;" marked as inline is not inlined
Compiling fake.pas
Compiling rulesunit.pas
Compiling ./rules/ruleconditions.common.pas
Compiling ./rules/ruleconditions.zeroday.pas
Compiling ./rules/ruleconditions.mp3.pas
Compiling ./rules/ruleconditions.tv.pas
Compiling ./rules/ruleconditions.imdb.pas
Compiling ./rules/ruleconditions.mvid.pas
Compiling ./rules/ruleconditions.nfo.pas
generics.collections.pas(1186,20) Note: Call to subroutine "function TEnumerable<rulesunit.TRuleWithID>.GetEnumerator:TEnumerator$1<RULESUNIT.TRuleWithID>;" marked as inline is not inlined
generics.collections.pas(1186,20) Note: Call to subroutine "function TEnumerable<System.AnsiString>.GetEnumerator:TEnumerator$1<SYSTEM.AnsiString>;" marked as inline is not inlined
generics.collections.pas(1186,20) Note: Call to subroutine "function TEnumerable<rulesunit.TRule>.GetEnumerator:TEnumerator$1<RULESUNIT.TRule>;" marked as inline is not inlined
generics.collections.pas(1186,20) Note: Call to subroutine "function TEnumerable<rulesunit.TObjectList<rulesunit.TRule>>.GetEnumerator:TEnumerator$1<RULESUNIT.TObjectList$1<RULESUNIT.TRule>>;" marked as inline is not inlined
generics.collections.pas(1186,20) Note: Call to subroutine "function TEnumerable<rulesunit.TPair<System.AnsiString,rulesunit.TObjectList<rulesunit.TRule>>>.GetEnumerator:TEnumerator$1<RULESUNIT.TPair$2<SYSTEM.AnsiString,RULESUNIT.TObjectList$1<RULESUNIT.TRule>>>;" marked as inline is not inlined
generics.defaults.pas(2634,1) Warning: function result variable of a managed type does not seem to be initialized
generics.dictionaries.inc(191,92) Warning: Constructing a class "TCustomDictionaryEnumerator$4$crc2743496F" with abstract method "DoMoveNext"
generics.dictionaries.inc(191,92) Warning: Constructing a class "TCustomDictionaryEnumerator$4$crc2743496F" with abstract method "GetCurrent"
generics.dictionaries.inc(191,92) Warning: Constructing a class "TCustomDictionaryEnumerator$4$crcC3CF715F" with abstract method "DoMoveNext"
generics.dictionaries.inc(191,92) Warning: Constructing a class "TCustomDictionaryEnumerator$4$crcC3CF715F" with abstract method "GetCurrent"
generics.defaults.pas(2634,1) Warning: function result variable of a managed type does not seem to be initialized
generics.collections.pas(1186,20) Note: Call to subroutine "function TEnumerable<rulesunit.TDictionary<System.AnsiString,rulesunit.TObjectList<rulesunit.TRule>>>.GetEnumerator:TEnumerator$1<RULESUNIT.TDictionary$2<SYSTEM.AnsiString,RULESUNIT.TObjectList$1<RULESUNIT.TRule>>>;" marked as inline is not inlined
generics.collections.pas(1186,20) Note: Call to subroutine "function TEnumerable<rulesunit.TPair<System.AnsiString,rulesunit.TDictionary<System.AnsiString,rulesunit.TObjectList<rulesunit.TRule>>>>.GetEnumerator:TEnumerator$1<RULESUNIT.TPair$2<SYSTEM.AnsiString,RULESUNIT.TDictionary$2<SYSTEM.AnsiString,RULESUNIT.TObjectList$1<RULESUNIT.TRule>>>>;" marked as inline is not inlined
generics.dictionaries.inc(191,92) Warning: Constructing a class "TCustomDictionaryEnumerator$4$crc7B39987D" with abstract method "DoMoveNext"
generics.dictionaries.inc(191,92) Warning: Constructing a class "TCustomDictionaryEnumerator$4$crc7B39987D" with abstract method "GetCurrent"
generics.dictionaries.inc(191,92) Warning: Constructing a class "TCustomDictionaryEnumerator$4$crcAFF9977C" with abstract method "DoMoveNext"
generics.dictionaries.inc(191,92) Warning: Constructing a class "TCustomDictionaryEnumerator$4$crcAFF9977C" with abstract method "GetCurrent"
generics.defaults.pas(2634,1) Warning: function result variable of a managed type does not seem to be initialized
generics.collections.pas(1186,20) Note: Call to subroutine "function TEnumerable<Classes.TStringList>.GetEnumerator:TEnumerator$1<CLASSES.TStringList>;" marked as inline is not inlined
generics.collections.pas(1186,20) Note: Call to subroutine "function TEnumerable<rulesunit.TPair<System.AnsiString,Classes.TStringList>>.GetEnumerator:TEnumerator$1<RULESUNIT.TPair$2<SYSTEM.AnsiString,CLASSES.TStringList>>;" marked as inline is not inlined
generics.dictionaries.inc(191,92) Warning: Constructing a class "TCustomDictionaryEnumerator$4$crcE351CE44" with abstract method "DoMoveNext"
generics.dictionaries.inc(191,92) Warning: Constructing a class "TCustomDictionaryEnumerator$4$crcE351CE44" with abstract method "GetCurrent"
generics.dictionaries.inc(191,92) Warning: Constructing a class "TCustomDictionaryEnumerator$4$crc0560C34D" with abstract method "DoMoveNext"
generics.dictionaries.inc(191,92) Warning: Constructing a class "TCustomDictionaryEnumerator$4$crc0560C34D" with abstract method "GetCurrent"
generics.defaults.pas(2634,1) Warning: function result variable of a managed type does not seem to be initialized
generics.collections.pas(144,52) Note: Private type "TCustomPointersEnumerator$2<RULESUNIT.TRuleWithID,RULESUNIT.TCustomList$1$crc7A35A0DD.PT>.T" never used
generics.collections.pas(144,52) Note: Private type "TCustomPointersEnumerator$2<SYSTEM.AnsiString,RULESUNIT.TCustomList$1$crc6824777A.PT>.T" never used
generics.collections.pas(144,52) Note: Private type "TCustomPointersEnumerator$2<RULESUNIT.TRule,RULESUNIT.TCustomList$1$crcB339805B.PT>.T" never used
generics.collections.pas(144,52) Note: Private type "TCustomPointersEnumerator$2<RULESUNIT.TObjectList$1<RULESUNIT.TRule>,RULESUNIT.TCustomList$1$crcDD3903E3.PT>.T" never used
generics.collections.pas(144,52) Note: Private type "TCustomPointersEnumerator$2<RULESUNIT.TPair$2<SYSTEM.AnsiString,RULESUNIT.TObjectList$1<RULESUNIT.TRule>>,RULESUNIT.TCustomList$1$crc345AA6D6.PT>.T" never used
generics.collections.pas(144,52) Note: Private type "TCustomPointersEnumerator$2<RULESUNIT.TDictionary$2<SYSTEM.AnsiString,RULESUNIT.TObjectList$1<RULESUNIT.TRule>>,RULESUNIT.TCustomList$1$crc5D2B6318.PT>.T" never used
generics.collections.pas(144,52) Note: Private type "TCustomPointersEnumerator$2<RULESUNIT.TPair$2<SYSTEM.AnsiString,RULESUNIT.TDictionary$2<SYSTEM.AnsiString,RULESUNIT.TObjectList$1<RULESUNIT.TRule>>>,RULESUNIT.TCustomList$1$crcB3250234.PT>.T" never used
generics.collections.pas(144,52) Note: Private type "TCustomPointersEnumerator$2<CLASSES.TStringList,RULESUNIT.TCustomList$1$crc561FF4E8.PT>.T" never used
generics.collections.pas(144,52) Note: Private type "TCustomPointersEnumerator$2<RULESUNIT.TPair$2<SYSTEM.AnsiString,CLASSES.TStringList>,RULESUNIT.TCustomList$1$crc7D44E6AB.PT>.T" never used
Compiling precatcher.pas
Compiling precatcher.helpers.pas
precatcher.helpers.pas(97,27) Warning: Implicit string type conversion from "AnsiString" to "UnicodeString"
Compiling globalskipunit.pas
Compiling dbaddpre.pas
Compiling taskpretime.pas
taskpretime.pas(14,7) Note: Private field "TPazoPretimeLookupTask.vctime" is never used
taskpretime.pas(15,7) Note: Private field "TPazoPretimeLookupTask.url" is never used
Compiling ./api/slapi.issueshook.pas
generics.collections.pas(1186,20) Note: Call to subroutine "function TEnumerable<precatcher.TPrecatcherHit>.GetEnumerator:TEnumerator$1<PRECATCHER.TPrecatcherHit>;" marked as inline is not inlined
generics.collections.pas(1186,20) Note: Call to subroutine "function TEnumerable<System.LongInt>.GetEnumerator:TEnumerator$1<SYSTEM.LongInt>;" marked as inline is not inlined
generics.collections.pas(1186,20) Note: Call to subroutine "function TEnumerable<precatcher.TPair<System.LongInt,precatcher.TPrecatcherHit>>.GetEnumerator:TEnumerator$1<PRECATCHER.TPair$2<SYSTEM.LongInt,PRECATCHER.TPrecatcherHit>>;" marked as inline is not inlined
generics.defaults.pas(2634,1) Warning: function result variable of a managed type does not seem to be initialized
generics.dictionaries.inc(191,92) Warning: Constructing a class "TCustomDictionaryEnumerator$4$crcB03D10E9" with abstract method "DoMoveNext"
generics.dictionaries.inc(191,92) Warning: Constructing a class "TCustomDictionaryEnumerator$4$crcB03D10E9" with abstract method "GetCurrent"
generics.dictionaries.inc(191,92) Warning: Constructing a class "TCustomDictionaryEnumerator$4$crc90B293F6" with abstract method "DoMoveNext"
generics.dictionaries.inc(191,92) Warning: Constructing a class "TCustomDictionaryEnumerator$4$crc90B293F6" with abstract method "GetCurrent"
generics.defaults.pas(2634,1) Warning: function result variable of a managed type does not seem to be initialized
precatcher.pas(646,3) Note: Local variable "siteObj" not used
precatcher.pas(1081,20) Warning: Implicit string type conversion from "AnsiString" to "UnicodeString"
precatcher.pas(1084,117) Warning: Implicit string type conversion with potential data loss from "UnicodeString" to "AnsiString"
generics.collections.pas(144,52) Note: Private type "TCustomPointersEnumerator$2<PRECATCHER.TPrecatcherHit,PRECATCHER.TCustomList$1$crcCCAB8F32.PT>.T" never used
generics.collections.pas(144,52) Note: Private type "TCustomPointersEnumerator$2<SYSTEM.LongInt,PRECATCHER.TCustomList$1$crc9F312717.PT>.T" never used
generics.collections.pas(144,52) Note: Private type "TCustomPointersEnumerator$2<PRECATCHER.TPair$2<SYSTEM.LongInt,PRECATCHER.TPrecatcherHit>,PRECATCHER.TCustomList$1$crcC7E95942.PT>.T" never used
Compiling tasksitenfo.pas
Compiling taskgame.pas
Compiling taskmvidunit.pas
taskmvidunit.pas(62,3) Note: Local variable "i" not used
taskmvidunit.pas(143,21) Warning: Implicit string type conversion from "AnsiString" to "UnicodeString"
taskmvidunit.pas(145,20) Warning: Implicit string type conversion with potential data loss from "UnicodeString" to "AnsiString"
taskmvidunit.pas(150,21) Warning: Implicit string type conversion from "AnsiString" to "UnicodeString"
taskmvidunit.pas(157,21) Warning: Implicit string type conversion from "AnsiString" to "UnicodeString"
taskmvidunit.pas(188,7) Note: Local variable "ft" not used
taskmvidunit.pas(243,90) Note: Call to subroutine "operator =(const op1:Variant;const op2:Variant):Boolean;" marked as inline is not inlined
taskmvidunit.pas(243,90) Note: Call to subroutine "operator :=(const source:ShortString):Variant;" marked as inline is not inlined
taskmvidunit.pas(245,21) Note: Call to subroutine "operator :=(const source:Variant):AnsiString;" marked as inline is not inlined
Compiling irccolorunit.pas
irccolorunit.pas(50,41) Warning: Implicit string type conversion from "AnsiString" to "UnicodeString"
irccolorunit.pas(51,42) Warning: Implicit string type conversion from "AnsiString" to "UnicodeString"
irccolorunit.pas(69,23) Warning: Implicit string type conversion from "AnsiString" to "UnicodeString"
irccolorunit.pas(72,73) Warning: Implicit string type conversion with potential data loss from "UnicodeString" to "AnsiString"
irccolorunit.pas(73,51) Warning: Implicit string type conversion with potential data loss from "UnicodeString" to "AnsiString"
irccolorunit.pas(78,24) Warning: Implicit string type conversion from "AnsiString" to "UnicodeString"
irccolorunit.pas(81,74) Warning: Implicit string type conversion with potential data loss from "UnicodeString" to "AnsiString"
irccolorunit.pas(82,52) Warning: Implicit string type conversion with potential data loss from "UnicodeString" to "AnsiString"
Compiling ranksunit.pas
Compiling irccommandsunit.pas
Compiling ./irccommands/irccommands.rank.pas
Compiling irccommandsunit.pas
Compiling ./irccommands/irccommands.tv.pas
irccommands.tv.pas(104,21) Warning: Implicit string type conversion from "AnsiString" to "UnicodeString"
irccommands.tv.pas(105,41) Warning: Implicit string type conversion with potential data loss from "UnicodeString" to "AnsiString"
irccommands.tv.pas(106,31) Warning: Implicit string type conversion from "AnsiString" to "UnicodeString"
irccommands.tv.pas(106,16) Warning: Implicit string type conversion with potential data loss from "UnicodeString" to "AnsiString"
Compiling ./irccommands/irccommands.speed.pas
Compiling taskspeedtest.pas
Compiling taskfilesize.pas
Compiling taskdirlist.pas
Compiling irccommandsunit.pas
Compiling ./irccommands/irccommands.work.pas
Compiling irccommandsunit.pas
Compiling ./irccommands/irccommands.windows.pas
Compiling ./irccommands/irccommands.slots.pas
Compiling ./irccommands/irccommands.news.pas
Compiling ./irccommands/irccommands.kb.pas
irccommands.kb.pas(50,3) Note: Local variable "p" not used
irccommands.kb.pas(51,6) Note: Local variable "db" not used
Compiling ./irccommands/irccommands.indexer.pas
Compiling indexer.pas
Compiling ./irccommands/irccommands.reload.pas
Compiling ./irccommands/irccommands.section.pas
Compiling irccommandsunit.pas
Compiling ./irccommands/irccommands.imdb.pas
Compiling ./irccommands/irccommands.pretime.pas
Compiling ./irccommands/irccommands.socks.pas
irccommands.socks.pas(72,22) Warning: Implicit string type conversion from "AnsiString" to "UnicodeString"
irccommands.socks.pas(74,43) Warning: Implicit string type conversion with potential data loss from "UnicodeString" to "AnsiString"
irccommands.socks.pas(75,18) Warning: Implicit string type conversion with potential data loss from "UnicodeString" to "AnsiString"
Compiling ./irccommands/irccommands.rules.pas
generics.collections.pas(1186,20) Note: Call to subroutine "function TEnumerable<rulesunit.TRuleWithID>.GetEnumerator:TEnumerator$1<RULESUNIT.TRuleWithID>;" marked as inline is not inlined
generics.collections.pas(1186,20) Note: Call to subroutine "function TEnumerable<System.AnsiString>.GetEnumerator:TEnumerator$1<SYSTEM.AnsiString>;" marked as inline is not inlined
irccommands.rules.pas(337,58) Warning: Implicit string type conversion from "AnsiString" to "UnicodeString"
irccommands.rules.pas(343,56) Warning: Implicit string type conversion from "AnsiString" to "UnicodeString"
irccommands.rules.pas(344,54) Warning: Implicit string type conversion from "AnsiString" to "UnicodeString"
generics.collections.pas(144,52) Note: Private type "TCustomPointersEnumerator$2<RULESUNIT.TRuleWithID,IRCCOMMANDS.RULES.TCustomList$1$crc7A35A0DD.PT>.T" never used
generics.collections.pas(144,52) Note: Private type "TCustomPointersEnumerator$2<SYSTEM.AnsiString,IRCCOMMANDS.RULES.TCustomList$1$crc6824777A.PT>.T" never used
Compiling ./irccommands/irccommands.info.pas
Compiling irccommandsunit.pas
Compiling ./irccommands/irccommands.precatcher.pas
Compiling ./irccommands/irccommands.irc.pas
Compiling ircblowfish.ECB.pas
Compiling ircblowfish.CBC.pas
Compiling irccommandsunit.pas
Compiling ./irccommands/irccommands.misc.pas
Compiling irccommandsunit.pas
Compiling ./irccommands/irccommands.stats.pas
Compiling ./irccommands/irccommands.prebot.pas
Compiling taskdel.pas
Compiling taskraw.pas
Compiling ./irccommands/irccommands.site.pas
Compiling irccommandsunit.pas
Compiling ./irccommands/irccommands.route.pas
Compiling irccommandsunit.pas
Compiling ./irccommands/irccommands.test.pas
Compiling ./irccommands/irccommands.general.pas
Compiling irccommandsunit.pas
irccommandsunit.pas(476,3) Note: Local variable "siteResult" not used
Compiling backupunit.pas
Compiling ./libs/LibTar/LibTar.pas
LibTar.pas(191,18) Warning: Constructor should be public
LibTar.pas(412,15) Warning: Local variable "S0" does not seem to be initialized
LibTar.pas(428,15) Warning: Local variable "S0" does not seem to be initialized
LibTar.pas(727,26) Warning: function result variable of a managed type does not seem to be initialized
generics.collections.pas(1186,20) Note: Call to subroutine "function TEnumerable<backupunit.TFileInfoRec>.GetEnumerator:TEnumerator$1<BACKUPUNIT.procedure DeleteOldBackups;.TFileInfoRec>;" marked as inline is not inlined
common.inc(23,1) Note: Local variable "VideoFileExtensions" not used
common.inc(27,1) Note: Local variable "ImageFileExtensions" not used
common.inc(31,1) Note: Local variable "SpecialDirsTags" not used
common.inc(43,1) Note: Local variable "BlowfishIdentificationWords" not used
common.inc(47,1) Note: Local variable "NewsSystemSpamMessages" not used
common.inc(52,1) Note: Local variable "FileSizeUnits" not used
common.inc(55,1) Note: Local variable "CountryCodes" not used
common.inc(74,1) Note: Local variable "CountryNames" not used
generics.collections.pas(144,52) Note: Private type "TCustomPointersEnumerator$2<BACKUPUNIT.procedure DeleteOldBackups;.TFileInfoRec,BACKUPUNIT.TCustomList$1$crcBC930D96.PT>.T" never used
irccommands.general.pas(213,32) Warning: Implicit string type conversion from "AnsiString" to "UnicodeString"
irccommands.general.pas(215,51) Warning: Implicit string type conversion with potential data loss from "UnicodeString" to "AnsiString"
irccommands.general.pas(260,35) Warning: Implicit string type conversion from "AnsiString" to "UnicodeString"
irccommands.general.pas(273,142) Warning: Implicit string type conversion with potential data loss from "UnicodeString" to "AnsiString"
irccommands.general.pas(317,3) Note: Local variable "val" not used
irccommands.route.pas(317,3) Note: Local variable "RoutesDirectionIdentifier" not used
irccommands.route.pas(321,3) Note: Local variable "ii" not used
generics.collections.pas(1186,20) Note: Call to subroutine "function TEnumerable<routeconfig.TSpeedFromRouteInfo>.GetEnumerator:TEnumerator$1<ROUTECONFIG.TSpeedFromRouteInfo>;" marked as inline is not inlined
common.inc(7,1) Note: Local variable "iniFiles" not used
common.inc(11,1) Note: Local variable "commonFiles" not used
common.inc(17,1) Note: Local variable "generatedFiles" not used
common.inc(23,1) Note: Local variable "VideoFileExtensions" not used
common.inc(27,1) Note: Local variable "ImageFileExtensions" not used
common.inc(31,1) Note: Local variable "SpecialDirsTags" not used
common.inc(43,1) Note: Local variable "BlowfishIdentificationWords" not used
common.inc(47,1) Note: Local variable "NewsSystemSpamMessages" not used
common.inc(52,1) Note: Local variable "FileSizeUnits" not used
common.inc(74,1) Note: Local variable "CountryNames" not used
generics.collections.pas(144,52) Note: Private type "TCustomPointersEnumerator$2<ROUTECONFIG.TSpeedFromRouteInfo,IRCCOMMANDS.ROUTE.TCustomList$1$crcE7D7B0DF.PT>.T" never used
irccommands.site.pas(1619,25) Warning: Implicit string type conversion from "AnsiString" to "UnicodeString"
irccommands.site.pas(1622,69) Warning: Implicit string type conversion with potential data loss from "UnicodeString" to "AnsiString"
irccommands.site.pas(1626,25) Warning: Implicit string type conversion from "AnsiString" to "UnicodeString"
irccommands.site.pas(1629,68) Warning: Implicit string type conversion with potential data loss from "UnicodeString" to "AnsiString"
irccommands.site.pas(1633,25) Warning: Implicit string type conversion from "AnsiString" to "UnicodeString"
irccommands.site.pas(1636,68) Warning: Implicit string type conversion with potential data loss from "UnicodeString" to "AnsiString"
common.inc(7,1) Note: Local variable "iniFiles" not used
common.inc(11,1) Note: Local variable "commonFiles" not used
common.inc(17,1) Note: Local variable "generatedFiles" not used
common.inc(23,1) Note: Local variable "VideoFileExtensions" not used
common.inc(27,1) Note: Local variable "ImageFileExtensions" not used
common.inc(31,1) Note: Local variable "SpecialDirsTags" not used
common.inc(43,1) Note: Local variable "BlowfishIdentificationWords" not used
common.inc(47,1) Note: Local variable "NewsSystemSpamMessages" not used
common.inc(52,1) Note: Local variable "FileSizeUnits" not used
generics.collections.pas(1186,20) Note: Call to subroutine "function TEnumerable<irccommands.prebot.TBatchQueueItem>.GetEnumerator:TEnumerator$1<IRCCOMMANDS.PREBOT.TBatchQueueItem>;" marked as inline is not inlined
generics.collections.pas(144,52) Note: Private type "TCustomPointersEnumerator$2<IRCCOMMANDS.PREBOT.TBatchQueueItem,IRCCOMMANDS.PREBOT.TCustomList$1$crcEDC8B6C9.PT>.T" never used
irccommands.misc.pas(230,21) Warning: Implicit string type conversion from "AnsiString" to "UnicodeString"
irccommands.irc.pas(50,142) Warning: Implicit string type conversion with potential data loss from "UnicodeString" to "AnsiString"
irccommands.irc.pas(406,11) Note: Call to subroutine "function TEnumerable<ircchansettings.TIrcChannelSettings>.GetEnumerator:TEnumerator$1<IRCCHANSETTINGS.TIrcChannelSettings>;" marked as inline is not inlined
irccommands.irc.pas(708,21) Warning: Implicit string type conversion with potential data loss from "UnicodeString" to "AnsiString"
irccommands.irc.pas(701,7) Note: Call to subroutine "function TEnumerable<ircchansettings.TIrcChannelSettings>.GetEnumerator:TEnumerator$1<IRCCHANSETTINGS.TIrcChannelSettings>;" marked as inline is not inlined
common.inc(7,1) Note: Local variable "iniFiles" not used
common.inc(11,1) Note: Local variable "commonFiles" not used
common.inc(17,1) Note: Local variable "generatedFiles" not used
common.inc(23,1) Note: Local variable "VideoFileExtensions" not used
common.inc(27,1) Note: Local variable "ImageFileExtensions" not used
common.inc(31,1) Note: Local variable "SpecialDirsTags" not used
common.inc(43,1) Note: Local variable "BlowfishIdentificationWords" not used
common.inc(47,1) Note: Local variable "NewsSystemSpamMessages" not used
common.inc(52,1) Note: Local variable "FileSizeUnits" not used
Compiling nuke.pas
generics.collections.pas(1186,20) Note: Call to subroutine "function TEnumerable<nuke.TNukeQueueItem>.GetEnumerator:TEnumerator$1<NUKE.TNukeQueueItem>;" marked as inline is not inlined
generics.collections.pas(144,52) Note: Private type "TCustomPointersEnumerator$2<NUKE.TNukeQueueItem,NUKE.TCustomList$1$crcC21FEADF.PT>.T" never used
generics.collections.pas(1186,20) Note: Call to subroutine "function TEnumerable<dirlist.TDirListEntry>.GetEnumerator:TEnumerator$1<DIRLIST.TDirListEntry>;" marked as inline is not inlined
irccommands.work.pas(906,21) Warning: Implicit string type conversion from "AnsiString" to "UnicodeString"
irccommands.work.pas(1331,17) Warning: Implicit string type conversion from "AnsiString" to "UnicodeString"
irccommands.work.pas(1339,25) Warning: Implicit string type conversion from "AnsiString" to "UnicodeString"
irccommands.work.pas(1339,14) Warning: Implicit string type conversion with potential data loss from "UnicodeString" to "AnsiString"
irccommands.work.pas(1343,25) Warning: Implicit string type conversion from "AnsiString" to "UnicodeString"
irccommands.work.pas(1345,23) Warning: Implicit string type conversion from "AnsiString" to "UnicodeString"
generics.collections.pas(144,52) Note: Private type "TCustomPointersEnumerator$2<DIRLIST.TDirListEntry,IRCCOMMANDS.WORK.TCustomList$1$crc6E800767.PT>.T" never used
generics.collections.pas(1186,20) Note: Call to subroutine "function TEnumerable<System.LongInt>.GetEnumerator:TEnumerator$1<SYSTEM.LongInt>;" marked as inline is not inlined
generics.collections.pas(1186,20) Note: Call to subroutine "function TEnumerable<System.AnsiString>.GetEnumerator:TEnumerator$1<SYSTEM.AnsiString>;" marked as inline is not inlined
generics.collections.pas(1186,20) Note: Call to subroutine "function TEnumerable<irccommands.speed.TList<System.LongInt>>.GetEnumerator:TEnumerator$1<IRCCOMMANDS.SPEED.TList$1<SYSTEM.LongInt>>;" marked as inline is not inlined
generics.collections.pas(1186,20) Note: Call to subroutine "function TEnumerable<irccommands.speed.TPair<System.AnsiString,irccommands.speed.TList<System.LongInt>>>.GetEnumerator:TEnumerator$1<IRCCOMMANDS.SPEED.TPair$2<SYSTEM.AnsiString,IRCCOMMANDS.SPEED.TList$1<SYSTEM.LongInt>>>;" marked as inline is not inlined
generics.defaults.pas(2634,1) Warning: function result variable of a managed type does not seem to be initialized
generics.dictionaries.inc(191,92) Warning: Constructing a class "TCustomDictionaryEnumerator$4$crcE8B9D37F" with abstract method "DoMoveNext"
generics.dictionaries.inc(191,92) Warning: Constructing a class "TCustomDictionaryEnumerator$4$crcE8B9D37F" with abstract method "GetCurrent"
generics.dictionaries.inc(191,92) Warning: Constructing a class "TCustomDictionaryEnumerator$4$crcB1723921" with abstract method "DoMoveNext"
generics.dictionaries.inc(191,92) Warning: Constructing a class "TCustomDictionaryEnumerator$4$crcB1723921" with abstract method "GetCurrent"
generics.defaults.pas(2634,1) Warning: function result variable of a managed type does not seem to be initialized
generics.collections.pas(144,52) Note: Private type "TCustomPointersEnumerator$2<SYSTEM.LongInt,IRCCOMMANDS.SPEED.TCustomList$1$crc9F312717.PT>.T" never used
generics.collections.pas(144,52) Note: Private type "TCustomPointersEnumerator$2<SYSTEM.AnsiString,IRCCOMMANDS.SPEED.TCustomList$1$crc6824777A.PT>.T" never used
generics.collections.pas(144,52) Note: Private type "TCustomPointersEnumerator$2<IRCCOMMANDS.SPEED.TList$1<SYSTEM.LongInt>,IRCCOMMANDS.SPEED.TCustomList$1$crcBF68A0A5.PT>.T" never used
generics.collections.pas(144,52) Note: Private type "TCustomPointersEnumerator$2<IRCCOMMANDS.SPEED.TPair$2<SYSTEM.AnsiString,IRCCOMMANDS.SPEED.TList$1<SYSTEM.LongInt>>,IRCCOMMANDS.SPEED.TCustomList$1$crc210C3506.PT>.T" never used
generics.collections.pas(1186,20) Note: Call to subroutine "function TEnumerable<cbftpevents.TCbftpEvent>.GetEnumerator:TEnumerator$1<CBFTPEVENTS.TCbftpEvent>;" marked as inline is not inlined
generics.collections.pas(1186,20) Note: Call to subroutine "function TEnumerable<System.AnsiString>.GetEnumerator:TEnumerator$1<SYSTEM.AnsiString>;" marked as inline is not inlined
generics.collections.pas(1186,20) Note: Call to subroutine "function TEnumerable<kb.TList<cbftpevents.TCbftpEvent>>.GetEnumerator:TEnumerator$1<KB.TList$1<CBFTPEVENTS.TCbftpEvent>>;" marked as inline is not inlined
generics.collections.pas(1186,20) Note: Call to subroutine "function TEnumerable<kb.TPair<System.AnsiString,kb.TList<cbftpevents.TCbftpEvent>>>.GetEnumerator:TEnumerator$1<KB.TPair$2<SYSTEM.AnsiString,KB.TList$1<CBFTPEVENTS.TCbftpEvent>>>;" marked as inline is not inlined
generics.defaults.pas(2634,1) Warning: function result variable of a managed type does not seem to be initialized
generics.dictionaries.inc(191,92) Warning: Constructing a class "TCustomDictionaryEnumerator$4$crc53327B57" with abstract method "DoMoveNext"
generics.dictionaries.inc(191,92) Warning: Constructing a class "TCustomDictionaryEnumerator$4$crc53327B57" with abstract method "GetCurrent"
generics.dictionaries.inc(191,92) Warning: Constructing a class "TCustomDictionaryEnumerator$4$crc0685F8E7" with abstract method "DoMoveNext"
generics.dictionaries.inc(191,92) Warning: Constructing a class "TCustomDictionaryEnumerator$4$crc0685F8E7" with abstract method "GetCurrent"
generics.defaults.pas(2634,1) Warning: function result variable of a managed type does not seem to be initialized
kb.pas(190,6) Note: Call to subroutine "function AnsiCompareText(const S1:AnsiString;const S2:AnsiString):LongInt;" marked as inline is not inlined
kb.pas(399,16) Note: Call to subroutine "function AnsiCompareText(const S1:AnsiString;const S2:AnsiString):LongInt;" marked as inline is not inlined
kb.pas(1209,30) Note: Call to subroutine "operator :=(const source:Variant):AnsiString;" marked as inline is not inlined
kb.pas(1218,29) Note: Call to subroutine "operator =(const op1:Variant;const op2:Variant):Boolean;" marked as inline is not inlined
kb.pas(1218,38) Note: Call to subroutine "operator :=(const source:Boolean):Variant;" marked as inline is not inlined
kb.pas(1218,49) Note: Call to subroutine "operator =(const op1:Variant;const op2:Variant):Boolean;" marked as inline is not inlined
kb.pas(1218,58) Note: Call to subroutine "operator :=(const source:ShortString):Variant;" marked as inline is not inlined
kb.pas(1218,71) Note: Call to subroutine "operator =(const op1:Variant;const op2:Variant):Boolean;" marked as inline is not inlined
kb.pas(1218,80) Note: Call to subroutine "operator :=(const source:Char):Variant;" marked as inline is not inlined
kb.pas(1493,36) Warning: Implicit string type conversion from "AnsiString" to "UnicodeString"
generics.collections.pas(1186,20) Note: Call to subroutine "function TEnumerable<pazo.TPazoSite>.GetEnumerator:TEnumerator$1<PAZO.TPazoSite>;" marked as inline is not inlined
generics.collections.pas(1186,20) Note: Call to subroutine "function TEnumerable<Classes.TStringList>.GetEnumerator:TEnumerator$1<CLASSES.TStringList>;" marked as inline is not inlined
generics.collections.pas(1186,20) Note: Call to subroutine "function TEnumerable<kb.TPair<System.AnsiString,Classes.TStringList>>.GetEnumerator:TEnumerator$1<KB.TPair$2<SYSTEM.AnsiString,CLASSES.TStringList>>;" marked as inline is not inlined
generics.dictionaries.inc(191,92) Warning: Constructing a class "TCustomDictionaryEnumerator$4$crcE351CE44" with abstract method "DoMoveNext"
generics.dictionaries.inc(191,92) Warning: Constructing a class "TCustomDictionaryEnumerator$4$crcE351CE44" with abstract method "GetCurrent"
generics.dictionaries.inc(191,92) Warning: Constructing a class "TCustomDictionaryEnumerator$4$crc0560C34D" with abstract method "DoMoveNext"
generics.dictionaries.inc(191,92) Warning: Constructing a class "TCustomDictionaryEnumerator$4$crc0560C34D" with abstract method "GetCurrent"
generics.defaults.pas(2634,1) Warning: function result variable of a managed type does not seem to be initialized
generics.collections.pas(1186,20) Note: Call to subroutine "function TEnumerable<pazo.TPazo>.GetEnumerator:TEnumerator$1<PAZO.TPazo>;" marked as inline is not inlined
kb.pas(1955,3) Note: Local variable "Ev" not used
kb.pas(1971,3) Note: Local variable "fsizeDummy" not used
kb.pas(2059,40) Note: Call to subroutine "operator :=(const source:Variant):AnsiString;" marked as inline is not inlined
kb.pas(2068,61) Note: Call to subroutine "operator =(const op1:Variant;const op2:Variant):Boolean;" marked as inline is not inlined
kb.pas(2068,61) Note: Call to subroutine "operator :=(const source:AnsiString):Variant;" marked as inline is not inlined
generics.collections.pas(144,52) Note: Private type "TCustomPointersEnumerator$2<CBFTPEVENTS.TCbftpEvent,KB.TCustomList$1$crcC8BC3988.PT>.T" never used
generics.collections.pas(144,52) Note: Private type "TCustomPointersEnumerator$2<SYSTEM.AnsiString,KB.TCustomList$1$crc6824777A.PT>.T" never used
generics.collections.pas(144,52) Note: Private type "TCustomPointersEnumerator$2<KB.TList$1<CBFTPEVENTS.TCbftpEvent>,KB.TCustomList$1$crc0CF02581.PT>.T" never used
generics.collections.pas(144,52) Note: Private type "TCustomPointersEnumerator$2<KB.TPair$2<SYSTEM.AnsiString,KB.TList$1<CBFTPEVENTS.TCbftpEvent>>,KB.TCustomList$1$crc95F9743B.PT>.T" never used
generics.collections.pas(144,52) Note: Private type "TCustomPointersEnumerator$2<PAZO.TPazoSite,KB.TCustomList$1$crcF08EEBCA.PT>.T" never used
generics.collections.pas(144,52) Note: Private type "TCustomPointersEnumerator$2<CLASSES.TStringList,KB.TCustomList$1$crc561FF4E8.PT>.T" never used
generics.collections.pas(144,52) Note: Private type "TCustomPointersEnumerator$2<KB.TPair$2<SYSTEM.AnsiString,CLASSES.TStringList>,KB.TCustomList$1$crc53E7F46E.PT>.T" never used
generics.collections.pas(144,52) Note: Private type "TCustomPointersEnumerator$2<PAZO.TPazo,KB.TCustomList$1$crc1736C6CD.PT>.T" never used
Compiling tasksitesfv.pas
generics.collections.pas(1186,20) Note: Call to subroutine "function TEnumerable<System.TObject>.GetEnumerator:TEnumerator$1<SYSTEM.TObject>;" marked as inline is not inlined
generics.collections.pas(1186,20) Note: Call to subroutine "function TEnumerable<System.LongInt>.GetEnumerator:TEnumerator$1<SYSTEM.LongInt>;" marked as inline is not inlined
generics.collections.pas(1186,20) Note: Call to subroutine "function TEnumerable<queueunit.TPair<System.TObject,System.LongInt>>.GetEnumerator:TEnumerator$1<QUEUEUNIT.TPair$2<SYSTEM.TObject,SYSTEM.LongInt>>;" marked as inline is not inlined
generics.defaults.pas(2634,1) Warning: function result variable of a managed type does not seem to be initialized
generics.dictionaries.inc(191,92) Warning: Constructing a class "TCustomDictionaryEnumerator$4$crc74146B1B" with abstract method "DoMoveNext"
generics.dictionaries.inc(191,92) Warning: Constructing a class "TCustomDictionaryEnumerator$4$crc74146B1B" with abstract method "GetCurrent"
generics.dictionaries.inc(191,92) Warning: Constructing a class "TCustomDictionaryEnumerator$4$crc5B582CB3" with abstract method "DoMoveNext"
generics.dictionaries.inc(191,92) Warning: Constructing a class "TCustomDictionaryEnumerator$4$crc5B582CB3" with abstract method "GetCurrent"
generics.defaults.pas(2634,1) Warning: function result variable of a managed type does not seem to be initialized
generics.collections.pas(1186,20) Note: Call to subroutine "function TEnumerable<queueunit.TQueueStat>.GetEnumerator:TEnumerator$1<QUEUEUNIT.TQueueStat>;" marked as inline is not inlined
generics.collections.pas(1186,20) Note: Call to subroutine "function TEnumerable<queueunit.TQueueThread>.GetEnumerator:TEnumerator$1<QUEUEUNIT.TQueueThread>;" marked as inline is not inlined
generics.collections.pas(1186,20) Note: Call to subroutine "function TEnumerable<pazo.TPazo>.GetEnumerator:TEnumerator$1<PAZO.TPazo>;" marked as inline is not inlined
generics.collections.pas(1186,20) Note: Call to subroutine "function TEnumerable<sitesunit.TSiteSlot>.GetEnumerator:TEnumerator$1<SITESUNIT.TSiteSlot>;" marked as inline is not inlined
queueunit.pas(2717,47) Warning: Implicit string type conversion from "AnsiString" to "UnicodeString"
queueunit.pas(44,3) Note: Private field "TQueueThread.fLastDirlistCheckTime" is never used
queueunit.pas(46,3) Note: Private field "TQueueThread.fLastDirlistCount" is never used
generics.collections.pas(144,52) Note: Private type "TCustomPointersEnumerator$2<QUEUEUNIT.TQueueStat,QUEUEUNIT.TCustomList$1$crcE11ECE6D.PT>.T" never used
generics.collections.pas(144,52) Note: Private type "TCustomPointersEnumerator$2<QUEUEUNIT.TQueueThread,QUEUEUNIT.TCustomList$1$crc8F02CFBA.PT>.T" never used
generics.collections.pas(144,52) Note: Private type "TCustomPointersEnumerator$2<SYSTEM.TObject,QUEUEUNIT.TCustomList$1$crc4982DA28.PT>.T" never used
generics.collections.pas(144,52) Note: Private type "TCustomPointersEnumerator$2<SYSTEM.LongInt,QUEUEUNIT.TCustomList$1$crc9F312717.PT>.T" never used
generics.collections.pas(144,52) Note: Private type "TCustomPointersEnumerator$2<QUEUEUNIT.TPair$2<SYSTEM.TObject,SYSTEM.LongInt>,QUEUEUNIT.TCustomList$1$crc460EEF3C.PT>.T" never used
generics.collections.pas(144,52) Note: Private type "TCustomPointersEnumerator$2<PAZO.TPazo,QUEUEUNIT.TCustomList$1$crc1736C6CD.PT>.T" never used
generics.collections.pas(144,52) Note: Private type "TCustomPointersEnumerator$2<SITESUNIT.TSiteSlot,QUEUEUNIT.TCustomList$1$crc9E9B01BD.PT>.T" never used
Compiling midnight.pas
generics.collections.pas(1186,20) Note: Call to subroutine "function TEnumerable<slmasks.TslMask>.GetEnumerator:TEnumerator$1<SLMASKS.TslMask>;" marked as inline is not inlined
generics.collections.pas(144,52) Note: Private type "TCustomPointersEnumerator$2<SLMASKS.TslMask,MIDNIGHT.TCustomList$1$crc1BB2C842.PT>.T" never used
generics.collections.pas(1186,20) Note: Call to subroutine "function TEnumerable<taskrace.TPazoDirlistTask>.GetEnumerator:TEnumerator$1<TASKRACE.TPazoDirlistTask>;" marked as inline is not inlined
taskrace.pas(3472,14) Note: Call to subroutine "function MatchText(const AText:AnsiString;const AValues:{Open} Array Of AnsiString):Boolean;" marked as inline is not inlined
generics.collections.pas(144,52) Note: Private type "TCustomPointersEnumerator$2<TASKRACE.TPazoDirlistTask,TASKRACE.TCustomList$1$crc63F1DF6D.PT>.T" never used
Compiling Diff.pas
Compiling HashUnit.pas
HashUnit.pas(132,13) Warning: Conversion between ordinals and pointers is not portable
taskautoindex.pas(35,74) Warning: Implicit string type conversion from "AnsiString" to "UnicodeString"
taskautoindex.pas(40,35) Warning: Implicit string type conversion from "AnsiString" to "UnicodeString"
Compiling tasksearchrelease.pas
tasksearchrelease.pas(39,3) Note: Local variable "fRawResponse" is assigned but never used
Compiling taskcwd.pas
generics.collections.pas(1186,20) Note: Call to subroutine "function TEnumerable<System.AnsiString>.GetEnumerator:TEnumerator$1<SYSTEM.AnsiString>;" marked as inline is not inlined
generics.collections.pas(1923,5) Note: Call to subroutine "procedure TThreadList<System.AnsiString>.UnlockList;" marked as inline is not inlined
generics.collections.pas(1939,5) Note: Call to subroutine "procedure TThreadList<System.AnsiString>.UnlockList;" marked as inline is not inlined
generics.collections.pas(1949,5) Note: Call to subroutine "procedure TThreadList<System.AnsiString>.UnlockList;" marked as inline is not inlined
generics.collections.pas(1959,5) Note: Call to subroutine "procedure TThreadList<System.AnsiString>.UnlockList;" marked as inline is not inlined
taskautodirlist.pas(192,72) Warning: Constructing a class "TRelease" with abstract method "DefaultSections"
taskautodirlist.pas(447,43) Warning: Implicit string type conversion from "AnsiString" to "UnicodeString"
taskautodirlist.pas(449,104) Warning: Implicit string type conversion with potential data loss from "UnicodeString" to "AnsiString"
generics.collections.pas(144,52) Note: Private type "TCustomPointersEnumerator$2<SYSTEM.AnsiString,TASKAUTODIRLIST.TCustomList$1$crc6824777A.PT>.T" never used
Compiling mycrypto.pas
mycrypto.pas(155,9) Note: Call to subroutine "function EVP_sha256:^untyped;" marked as inline is not inlined
generics.collections.pas(1186,20) Note: Call to subroutine "function TEnumerable<pazo.TDestinationRank>.GetEnumerator:TEnumerator$1<PAZO.TDestinationRank>;" marked as inline is not inlined
generics.collections.pas(1186,20) Note: Call to subroutine "function TEnumerable<System.AnsiString>.GetEnumerator:TEnumerator$1<SYSTEM.AnsiString>;" marked as inline is not inlined
generics.collections.pas(1186,20) Note: Call to subroutine "function TEnumerable<pazo.TPair<System.AnsiString,System.AnsiString>>.GetEnumerator:TEnumerator$1<PAZO.TPair$2<SYSTEM.AnsiString,SYSTEM.AnsiString>>;" marked as inline is not inlined
generics.defaults.pas(2634,1) Warning: function result variable of a managed type does not seem to be initialized
generics.dictionaries.inc(191,92) Warning: Constructing a class "TCustomDictionaryEnumerator$4$crc8B3AC466" with abstract method "DoMoveNext"
generics.dictionaries.inc(191,92) Warning: Constructing a class "TCustomDictionaryEnumerator$4$crc8B3AC466" with abstract method "GetCurrent"
generics.dictionaries.inc(191,92) Warning: Constructing a class "TCustomDictionaryEnumerator$4$crc8B3AC466" with abstract method "DoMoveNext"
generics.dictionaries.inc(191,92) Warning: Constructing a class "TCustomDictionaryEnumerator$4$crc8B3AC466" with abstract method "GetCurrent"
generics.collections.pas(1186,20) Note: Call to subroutine "function TEnumerable<dirlist.TDirListEntry>.GetEnumerator:TEnumerator$1<DIRLIST.TDirListEntry>;" marked as inline is not inlined
generics.collections.pas(1186,20) Note: Call to subroutine "function TEnumerable<routeconfig.TSpeedFromRouteInfo>.GetEnumerator:TEnumerator$1<ROUTECONFIG.TSpeedFromRouteInfo>;" marked as inline is not inlined
generics.collections.pas(1186,20) Note: Call to subroutine "function TEnumerable<System.Int64>.GetEnumerator:TEnumerator$1<SYSTEM.Int64>;" marked as inline is not inlined
generics.collections.pas(1186,20) Note: Call to subroutine "function TEnumerable<pazo.TPair<System.AnsiString,System.Int64>>.GetEnumerator:TEnumerator$1<PAZO.TPair$2<SYSTEM.AnsiString,SYSTEM.Int64>>;" marked as inline is not inlined
generics.dictionaries.inc(191,92) Warning: Constructing a class "TCustomDictionaryEnumerator$4$crc2A0940D6" with abstract method "DoMoveNext"
generics.dictionaries.inc(191,92) Warning: Constructing a class "TCustomDictionaryEnumerator$4$crc2A0940D6" with abstract method "GetCurrent"
generics.dictionaries.inc(191,92) Warning: Constructing a class "TCustomDictionaryEnumerator$4$crc9C12A0A6" with abstract method "DoMoveNext"
generics.dictionaries.inc(191,92) Warning: Constructing a class "TCustomDictionaryEnumerator$4$crc9C12A0A6" with abstract method "GetCurrent"
generics.defaults.pas(2634,1) Warning: function result variable of a managed type does not seem to be initialized
generics.collections.pas(1186,20) Note: Call to subroutine "function TEnumerable<pazo.TPazoSite>.GetEnumerator:TEnumerator$1<PAZO.TPazoSite>;" marked as inline is not inlined
generics.collections.pas(1186,20) Note: Call to subroutine "function TEnumerable<pazo.TCbftpLatencyEntry>.GetEnumerator:TEnumerator$1<PAZO.TCbftpLatencyEntry>;" marked as inline is not inlined
generics.collections.pas(1186,20) Note: Call to subroutine "function TEnumerable<pazo.TPair<System.AnsiString,pazo.TCbftpLatencyEntry>>.GetEnumerator:TEnumerator$1<PAZO.TPair$2<SYSTEM.AnsiString,PAZO.TCbftpLatencyEntry>>;" marked as inline is not inlined
generics.dictionaries.inc(191,92) Warning: Constructing a class "TCustomDictionaryEnumerator$4$crcC03D2562" with abstract method "DoMoveNext"
generics.dictionaries.inc(191,92) Warning: Constructing a class "TCustomDictionaryEnumerator$4$crcC03D2562" with abstract method "GetCurrent"
generics.dictionaries.inc(191,92) Warning: Constructing a class "TCustomDictionaryEnumerator$4$crcE2334759" with abstract method "DoMoveNext"
generics.dictionaries.inc(191,92) Warning: Constructing a class "TCustomDictionaryEnumerator$4$crcE2334759" with abstract method "GetCurrent"
generics.defaults.pas(2634,1) Warning: function result variable of a managed type does not seem to be initialized
generics.collections.pas(144,52) Note: Private type "TCustomPointersEnumerator$2<PAZO.TDestinationRank,PAZO.TCustomList$1$crcAE5012C4.PT>.T" never used
generics.collections.pas(144,52) Note: Private type "TCustomPointersEnumerator$2<DIRLIST.TDirListEntry,PAZO.TCustomList$1$crc6E800767.PT>.T" never used
generics.collections.pas(144,52) Note: Private type "TCustomPointersEnumerator$2<ROUTECONFIG.TSpeedFromRouteInfo,PAZO.TCustomList$1$crcE7D7B0DF.PT>.T" never used
generics.collections.pas(144,52) Note: Private type "TCustomPointersEnumerator$2<PAZO.TPazoSite,PAZO.TCustomList$1$crcF08EEBCA.PT>.T" never used
generics.collections.pas(144,52) Note: Private type "TCustomPointersEnumerator$2<SYSTEM.AnsiString,PAZO.TCustomList$1$crc6824777A.PT>.T" never used
generics.collections.pas(144,52) Note: Private type "TCustomPointersEnumerator$2<PAZO.TPair$2<SYSTEM.AnsiString,SYSTEM.AnsiString>,PAZO.TCustomList$1$crcB47DD3E9.PT>.T" never used
generics.collections.pas(144,52) Note: Private type "TCustomPointersEnumerator$2<SYSTEM.Int64,PAZO.TCustomList$1$crc713F463B.PT>.T" never used
generics.collections.pas(144,52) Note: Private type "TCustomPointersEnumerator$2<PAZO.TPair$2<SYSTEM.AnsiString,SYSTEM.Int64>,PAZO.TCustomList$1$crc97F9AC27.PT>.T" never used
generics.collections.pas(144,52) Note: Private type "TCustomPointersEnumerator$2<PAZO.TCbftpLatencyEntry,PAZO.TCustomList$1$crc86D4E7EC.PT>.T" never used
generics.collections.pas(144,52) Note: Private type "TCustomPointersEnumerator$2<PAZO.TPair$2<SYSTEM.AnsiString,PAZO.TCbftpLatencyEntry>,PAZO.TCustomList$1$crcDF67DAFB.PT>.T" never used
generics.collections.pas(1186,20) Note: Call to subroutine "function TEnumerable<slvision.TslConsoleTask>.GetEnumerator:TEnumerator$1<SLVISION.TslConsoleTask>;" marked as inline is not inlined
generics.collections.pas(1186,20) Note: Call to subroutine "function TEnumerable<System.AnsiString>.GetEnumerator:TEnumerator$1<SYSTEM.AnsiString>;" marked as inline is not inlined
generics.collections.pas(1186,20) Note: Call to subroutine "function TEnumerable<System.LongInt>.GetEnumerator:TEnumerator$1<SYSTEM.LongInt>;" marked as inline is not inlined
generics.collections.pas(1186,20) Note: Call to subroutine "function TEnumerable<slvision.TPair<System.AnsiString,System.LongInt>>.GetEnumerator:TEnumerator$1<SLVISION.TPair$2<SYSTEM.AnsiString,SYSTEM.LongInt>>;" marked as inline is not inlined
generics.defaults.pas(2634,1) Warning: function result variable of a managed type does not seem to be initialized
generics.dictionaries.inc(191,92) Warning: Constructing a class "TCustomDictionaryEnumerator$4$crc3557DBD5" with abstract method "DoMoveNext"
generics.dictionaries.inc(191,92) Warning: Constructing a class "TCustomDictionaryEnumerator$4$crc3557DBD5" with abstract method "GetCurrent"
generics.dictionaries.inc(191,92) Warning: Constructing a class "TCustomDictionaryEnumerator$4$crc78D6A1DB" with abstract method "DoMoveNext"
generics.dictionaries.inc(191,92) Warning: Constructing a class "TCustomDictionaryEnumerator$4$crc78D6A1DB" with abstract method "GetCurrent"
generics.defaults.pas(2634,1) Warning: function result variable of a managed type does not seem to be initialized
generics.collections.pas(1186,20) Note: Call to subroutine "function TEnumerable<slvision.TConsoleAddTaskCollection>.GetEnumerator:TEnumerator$1<SLVISION.TConsoleAddTaskCollection>;" marked as inline is not inlined
slvision.pas(967,6) Note: Local variable "j" not used
slvision.pas(972,3) Note: Local variable "fOverloadReplacementTasks" not used
generics.collections.pas(1186,20) Note: Call to subroutine "function TEnumerable<slvision.TPair<System.AnsiString,slvision.TslConsoleTask>>.GetEnumerator:TEnumerator$1<SLVISION.TPair$2<SYSTEM.AnsiString,SLVISION.TslConsoleTask>>;" marked as inline is not inlined
generics.dictionaries.inc(191,92) Warning: Constructing a class "TCustomDictionaryEnumerator$4$crc611AF209" with abstract method "DoMoveNext"
generics.dictionaries.inc(191,92) Warning: Constructing a class "TCustomDictionaryEnumerator$4$crc611AF209" with abstract method "GetCurrent"
generics.dictionaries.inc(191,92) Warning: Constructing a class "TCustomDictionaryEnumerator$4$crcA3438074" with abstract method "DoMoveNext"
generics.dictionaries.inc(191,92) Warning: Constructing a class "TCustomDictionaryEnumerator$4$crcA3438074" with abstract method "GetCurrent"
generics.defaults.pas(2634,1) Warning: function result variable of a managed type does not seem to be initialized
generics.collections.pas(144,52) Note: Private type "TCustomPointersEnumerator$2<SLVISION.TslConsoleTask,SLVISION.TCustomList$1$crc34BAD3BB.PT>.T" never used
generics.collections.pas(144,52) Note: Private type "TCustomPointersEnumerator$2<SLVISION.TConsoleAddTaskCollection,SLVISION.TCustomList$1$crcA6012CE5.PT>.T" never used
generics.collections.pas(144,52) Note: Private type "TCustomPointersEnumerator$2<SYSTEM.AnsiString,SLVISION.TCustomList$1$crc6824777A.PT>.T" never used
generics.collections.pas(144,52) Note: Private type "TCustomPointersEnumerator$2<SYSTEM.LongInt,SLVISION.TCustomList$1$crc9F312717.PT>.T" never used
generics.collections.pas(144,52) Note: Private type "TCustomPointersEnumerator$2<SLVISION.TPair$2<SYSTEM.AnsiString,SYSTEM.LongInt>,SLVISION.TCustomList$1$crcB173B194.PT>.T" never used
generics.collections.pas(144,52) Note: Private type "TCustomPointersEnumerator$2<SLVISION.TPair$2<SYSTEM.AnsiString,SLVISION.TslConsoleTask>,SLVISION.TCustomList$1$crc8AC26FD7.PT>.T" never used
Compiling ircblowfish.plaintext.pas
generics.collections.pas(1186,20) Note: Call to subroutine "function TEnumerable<System.AnsiString>.GetEnumerator:TEnumerator$1<SYSTEM.AnsiString>;" marked as inline is not inlined
generics.collections.pas(1186,20) Note: Call to subroutine "function TEnumerable<ircchansettings.TIrcChannelSettings>.GetEnumerator:TEnumerator$1<IRCCHANSETTINGS.TIrcChannelSettings>;" marked as inline is not inlined
generics.collections.pas(1186,20) Note: Call to subroutine "function TEnumerable<ircchansettings.TPair<System.AnsiString,ircchansettings.TIrcChannelSettings>>.GetEnumerator:TEnumerator$1<IRCCHANSETTINGS.TPair$2<SYSTEM.AnsiString,IRCCHANSETTINGS.TIrcChannelSettings>>;" marked as inline is not inlined
generics.defaults.pas(2634,1) Warning: function result variable of a managed type does not seem to be initialized
generics.dictionaries.inc(191,92) Warning: Constructing a class "TCustomDictionaryEnumerator$4$crcFC404E93" with abstract method "DoMoveNext"
generics.dictionaries.inc(191,92) Warning: Constructing a class "TCustomDictionaryEnumerator$4$crcFC404E93" with abstract method "GetCurrent"
generics.dictionaries.inc(191,92) Warning: Constructing a class "TCustomDictionaryEnumerator$4$crc19AD2741" with abstract method "DoMoveNext"
generics.dictionaries.inc(191,92) Warning: Constructing a class "TCustomDictionaryEnumerator$4$crc19AD2741" with abstract method "GetCurrent"
generics.defaults.pas(2634,1) Warning: function result variable of a managed type does not seem to be initialized
generics.collections.pas(144,52) Note: Private type "TCustomPointersEnumerator$2<SYSTEM.AnsiString,IRCCHANSETTINGS.TCustomList$1$crc6824777A.PT>.T" never used
generics.collections.pas(144,52) Note: Private type "TCustomPointersEnumerator$2<IRCCHANSETTINGS.TIrcChannelSettings,IRCCHANSETTINGS.TCustomList$1$crcCF68BC01.PT>.T" never used
generics.collections.pas(144,52) Note: Private type "TCustomPointersEnumerator$2<IRCCHANSETTINGS.TPair$2<SYSTEM.AnsiString,IRCCHANSETTINGS.TIrcChannelSettings>,IRCCHANSETTINGS.TCustomList$1$crc34A28691.PT>.T" never used
Compiling dbaddgenre.pas
dbaddgenre.pas(157,17) Note: Call to subroutine "function AnsiCompareText(const S1:AnsiString;const S2:AnsiString):LongInt;" marked as inline is not inlined
dbaddgenre.pas(163,21) Note: Call to subroutine "function AnsiCompareText(const S1:AnsiString;const S2:AnsiString):LongInt;" marked as inline is not inlined
Compiling irc.parse.pas
generics.collections.pas(1186,20) Note: Call to subroutine "function TEnumerable<irc.TIrcEchoItem>.GetEnumerator:TEnumerator$1<IRC.TIrcEchoItem>;" marked as inline is not inlined
generics.collections.pas(1923,5) Note: Call to subroutine "procedure TThreadList<irc.TIrcEchoItem>.UnlockList;" marked as inline is not inlined
generics.collections.pas(1939,5) Note: Call to subroutine "procedure TThreadList<irc.TIrcEchoItem>.UnlockList;" marked as inline is not inlined
generics.collections.pas(1949,5) Note: Call to subroutine "procedure TThreadList<irc.TIrcEchoItem>.UnlockList;" marked as inline is not inlined
generics.collections.pas(1959,5) Note: Call to subroutine "procedure TThreadList<irc.TIrcEchoItem>.UnlockList;" marked as inline is not inlined
common.inc(7,1) Note: Local variable "iniFiles" not used
common.inc(11,1) Note: Local variable "commonFiles" not used
common.inc(17,1) Note: Local variable "generatedFiles" not used
common.inc(23,1) Note: Local variable "VideoFileExtensions" not used
common.inc(27,1) Note: Local variable "ImageFileExtensions" not used
common.inc(31,1) Note: Local variable "SpecialDirsTags" not used
common.inc(52,1) Note: Local variable "FileSizeUnits" not used
common.inc(55,1) Note: Local variable "CountryCodes" not used
common.inc(74,1) Note: Local variable "CountryNames" not used
irc.pas(957,12) Note: Call to subroutine "function AnsiMatchText(const AText:AnsiString;const AValues:{Open} Array Of AnsiString):Boolean;" marked as inline is not inlined
common.inc(7,1) Note: Local variable "iniFiles" not used
common.inc(11,1) Note: Local variable "commonFiles" not used
common.inc(17,1) Note: Local variable "generatedFiles" not used
common.inc(23,1) Note: Local variable "VideoFileExtensions" not used
common.inc(27,1) Note: Local variable "ImageFileExtensions" not used
common.inc(31,1) Note: Local variable "SpecialDirsTags" not used
common.inc(47,1) Note: Local variable "NewsSystemSpamMessages" not used
common.inc(52,1) Note: Local variable "FileSizeUnits" not used
common.inc(55,1) Note: Local variable "CountryCodes" not used
common.inc(74,1) Note: Local variable "CountryNames" not used
generics.collections.pas(144,52) Note: Private type "TCustomPointersEnumerator$2<IRC.TIrcEchoItem,IRC.TCustomList$1$crcA86D80BF.PT>.T" never used
sltcp.pas(624,13) Warning: Implicit string type conversion with potential data loss from "UnicodeString" to "AnsiString"
sltcp.pas(730,13) Warning: Implicit string type conversion with potential data loss from "UnicodeString" to "AnsiString"
Compiling ./api/slapi.pas
Compiling ./libs/mORMot2/src/rest/mormot.rest.memserver.pas
Compiling ./libs/mORMot2/src/rest/mormot.rest.http.server.pas
Compiling ./libs/mORMot2/src/net/mormot.net.server.pas
Compiling ./libs/mORMot2/src/net/mormot.net.async.pas
Compiling ./libs/mORMot2/src/net/mormot.net.ws.core.pas
Compiling ./libs/mORMot2/src/net/mormot.net.ws.server.pas
Compiling ./libs/mORMot2/src/net/mormot.net.ws.async.pas
mormot.rest.http.server.pas(824,13) Warning: Local variable "err" of a managed type does not seem to be initialized
mormot.rest.http.server.pas(1129,8) Note: Call to subroutine "function IdemPropNameU(const P1:UTF8String;P2:PUtf8Char;P2Len:Int64):Boolean;" marked as inline is not inlined
mormot.rest.http.server.pas(1134,11) Note: Call to subroutine "function ExistsIniName(P:PUtf8Char;UpperName:PChar):Boolean;" marked as inline is not inlined
mormot.rest.http.server.pas(1482,13) Note: Call to subroutine "function Join(const Args:{Open} Array Of RawByteString):AnsiString;" marked as inline is not inlined
mormot.rest.http.server.pas(1667,7) Note: Call to subroutine "procedure TSynLog.Log(Level:TSynLogLevel;const aName:UTF8String;aTypeInfo:PRttiInfo;const aValue:<Formal type>;Instance:TObject);" marked as inline is not inlined
Compiling ./api/slapi.types.pas
slftp.inc(2,3) Note: Local variable "SL_VERSION" not used
slftp.inc(3,3) Note: Local variable "SL_REV" not used
slftp.inc(4,3) Note: Local variable "HELP_VERSION" not used
slftp.inc(7,3) Note: Local variable "lib_OpenSSL" not used
slftp.inc(8,3) Note: Local variable "lib_Ncurses" not used
slftp.inc(9,3) Note: Local variable "lib_SQLite3" not used
Compiling ./api/slapi.services.pas
slftp.inc(2,3) Note: Local variable "SL_VERSION" not used
slftp.inc(3,3) Note: Local variable "SL_REV" not used
slftp.inc(4,3) Note: Local variable "HELP_VERSION" not used
slftp.inc(7,3) Note: Local variable "lib_OpenSSL" not used
slftp.inc(8,3) Note: Local variable "lib_Ncurses" not used
slftp.inc(9,3) Note: Local variable "lib_SQLite3" not used
Compiling ./api/slapi.services.impl.pas
Compiling ./api/slapi.speedtest.pas
slapi.speedtest.pas(55,5) Warning: Constructor should be public
generics.collections.pas(1186,20) Note: Call to subroutine "function TEnumerable<slapi.speedtest.TSpeedTestResult>.GetEnumerator:TEnumerator$1<SLAPI.SPEEDTEST.TSpeedTestResult>;" marked as inline is not inlined
generics.collections.pas(1186,20) Note: Call to subroutine "function TEnumerable<System.AnsiString>.GetEnumerator:TEnumerator$1<SYSTEM.AnsiString>;" marked as inline is not inlined
generics.collections.pas(1186,20) Note: Call to subroutine "function TEnumerable<slapi.speedtest.TSpeedTestContext>.GetEnumerator:TEnumerator$1<SLAPI.SPEEDTEST.TSpeedTestContext>;" marked as inline is not inlined
generics.collections.pas(1186,20) Note: Call to subroutine "function TEnumerable<slapi.speedtest.TPair<System.AnsiString,slapi.speedtest.TSpeedTestContext>>.GetEnumerator:TEnumerator$1<SLAPI.SPEEDTEST.TPair$2<SYSTEM.AnsiString,SLAPI.SPEEDTEST.TSpeedTestContext>>;" marked as inline is not inlined
generics.defaults.pas(2634,1) Warning: function result variable of a managed type does not seem to be initialized
generics.dictionaries.inc(191,92) Warning: Constructing a class "TCustomDictionaryEnumerator$4$crc9AEF2D5E" with abstract method "DoMoveNext"
generics.dictionaries.inc(191,92) Warning: Constructing a class "TCustomDictionaryEnumerator$4$crc9AEF2D5E" with abstract method "GetCurrent"
generics.dictionaries.inc(191,92) Warning: Constructing a class "TCustomDictionaryEnumerator$4$crc8DCD8975" with abstract method "DoMoveNext"
generics.dictionaries.inc(191,92) Warning: Constructing a class "TCustomDictionaryEnumerator$4$crc8DCD8975" with abstract method "GetCurrent"
generics.defaults.pas(2634,1) Warning: function result variable of a managed type does not seem to be initialized
slapi.speedtest.pas(153,24) Note: Call to subroutine "operator :=(const source:AnsiString):Variant;" marked as inline is not inlined
slapi.speedtest.pas(174,7) Note: Call to subroutine "procedure TDocVariantData.Init(const aOptions:TDocVariantOptions=`<set>`);" marked as inline is not inlined
slapi.speedtest.pas(175,55) Note: Call to subroutine "operator :=(const source:AnsiString):Variant;" marked as inline is not inlined
slapi.speedtest.pas(176,65) Note: Call to subroutine "operator :=(const source:AnsiString):Variant;" marked as inline is not inlined
slapi.speedtest.pas(177,53) Note: Call to subroutine "operator :=(const source:AnsiString):Variant;" marked as inline is not inlined
slapi.speedtest.pas(178,55) Note: Call to subroutine "operator :=(const source:AnsiString):Variant;" marked as inline is not inlined
slapi.speedtest.pas(179,51) Note: Call to subroutine "operator :=(const source:AnsiString):Variant;" marked as inline is not inlined
slapi.speedtest.pas(180,57) Note: Call to subroutine "operator :=(const source:Boolean):Variant;" marked as inline is not inlined
slapi.speedtest.pas(181,57) Note: Call to subroutine "operator :=(const source:AnsiString):Variant;" marked as inline is not inlined
slapi.speedtest.pas(189,54) Note: Call to subroutine "operator :=(const source:AnsiString):Variant;" marked as inline is not inlined
slapi.speedtest.pas(190,76) Note: Call to subroutine "operator :=(const source:AnsiString):Variant;" marked as inline is not inlined
slapi.speedtest.pas(192,74) Note: Call to subroutine "operator :=(const source:AnsiString):Variant;" marked as inline is not inlined
slapi.speedtest.pas(194,50) Note: Call to subroutine "operator :=(const source:ShortString):Variant;" marked as inline is not inlined
slapi.speedtest.pas(569,3) Note: Call to subroutine "procedure TDocVariantData.Init(const aOptions:TDocVariantOptions=`<set>`);" marked as inline is not inlined
slapi.speedtest.pas(668,23) Warning: Implicit string type conversion from "AnsiString" to "UnicodeString"
slapi.speedtest.pas(670,55) Warning: Implicit string type conversion with potential data loss from "UnicodeString" to "AnsiString"
slapi.speedtest.pas(670,42) Warning: Implicit string type conversion with potential data loss from "UnicodeString" to "AnsiString"
slapi.speedtest.pas(676,23) Warning: Implicit string type conversion from "AnsiString" to "UnicodeString"
slapi.speedtest.pas(678,55) Warning: Implicit string type conversion with potential data loss from "UnicodeString" to "AnsiString"
slapi.speedtest.pas(678,42) Warning: Implicit string type conversion with potential data loss from "UnicodeString" to "AnsiString"
slapi.speedtest.pas(684,23) Warning: Implicit string type conversion from "AnsiString" to "UnicodeString"
slapi.speedtest.pas(686,55) Warning: Implicit string type conversion with potential data loss from "UnicodeString" to "AnsiString"
slapi.speedtest.pas(686,42) Warning: Implicit string type conversion with potential data loss from "UnicodeString" to "AnsiString"
slapi.speedtest.pas(692,23) Warning: Implicit string type conversion from "AnsiString" to "UnicodeString"
slapi.speedtest.pas(694,20) Warning: Implicit string type conversion with potential data loss from "UnicodeString" to "AnsiString"
slapi.speedtest.pas(695,20) Warning: Implicit string type conversion with potential data loss from "UnicodeString" to "AnsiString"
slapi.speedtest.pas(705,43) Warning: Implicit string type conversion with potential data loss from "UnicodeString" to "AnsiString"
slapi.speedtest.pas(706,54) Warning: Implicit string type conversion with potential data loss from "UnicodeString" to "AnsiString"
slapi.speedtest.pas(707,52) Warning: Implicit string type conversion with potential data loss from "UnicodeString" to "AnsiString"
slapi.speedtest.pas(722,30) Warning: Implicit string type conversion with potential data loss from "UnicodeString" to "AnsiString"
slapi.speedtest.pas(723,41) Warning: Implicit string type conversion with potential data loss from "UnicodeString" to "AnsiString"
slapi.speedtest.pas(724,39) Warning: Implicit string type conversion with potential data loss from "UnicodeString" to "AnsiString"
slapi.speedtest.pas(740,23) Warning: Implicit string type conversion from "AnsiString" to "UnicodeString"
slapi.speedtest.pas(742,20) Warning: Implicit string type conversion with potential data loss from "UnicodeString" to "AnsiString"
slapi.speedtest.pas(743,20) Warning: Implicit string type conversion with potential data loss from "UnicodeString" to "AnsiString"
slapi.speedtest.pas(781,23) Warning: Implicit string type conversion from "AnsiString" to "UnicodeString"
slapi.speedtest.pas(784,20) Warning: Implicit string type conversion with potential data loss from "UnicodeString" to "AnsiString"
slapi.speedtest.pas(793,43) Warning: Implicit string type conversion with potential data loss from "UnicodeString" to "AnsiString"
slapi.speedtest.pas(794,54) Warning: Implicit string type conversion with potential data loss from "UnicodeString" to "AnsiString"
slapi.speedtest.pas(795,52) Warning: Implicit string type conversion with potential data loss from "UnicodeString" to "AnsiString"
slapi.speedtest.pas(810,30) Warning: Implicit string type conversion with potential data loss from "UnicodeString" to "AnsiString"
slapi.speedtest.pas(811,41) Warning: Implicit string type conversion with potential data loss from "UnicodeString" to "AnsiString"
slapi.speedtest.pas(812,39) Warning: Implicit string type conversion with potential data loss from "UnicodeString" to "AnsiString"
slapi.speedtest.pas(828,23) Warning: Implicit string type conversion from "AnsiString" to "UnicodeString"
slapi.speedtest.pas(830,18) Warning: Implicit string type conversion with potential data loss from "WideString" to "AnsiString"
slapi.speedtest.pas(856,23) Warning: Implicit string type conversion from "AnsiString" to "UnicodeString"
slapi.speedtest.pas(934,26) Note: Call to subroutine "operator :=(const source:AnsiString):Variant;" marked as inline is not inlined
slapi.speedtest.pas(926,3) Warning: Local variable "ja" of a managed type does not seem to be initialized
generics.collections.pas(144,52) Note: Private type "TCustomPointersEnumerator$2<SLAPI.SPEEDTEST.TSpeedTestResult,SLAPI.SPEEDTEST.TCustomList$1$crcC4880C12.PT>.T" never used
generics.collections.pas(144,52) Note: Private type "TCustomPointersEnumerator$2<SYSTEM.AnsiString,SLAPI.SPEEDTEST.TCustomList$1$crc6824777A.PT>.T" never used
generics.collections.pas(144,52) Note: Private type "TCustomPointersEnumerator$2<SLAPI.SPEEDTEST.TSpeedTestContext,SLAPI.SPEEDTEST.TCustomList$1$crcAA940DC5.PT>.T" never used
generics.collections.pas(144,52) Note: Private type "TCustomPointersEnumerator$2<SLAPI.SPEEDTEST.TPair$2<SYSTEM.AnsiString,SLAPI.SPEEDTEST.TSpeedTestContext>,SLAPI.SPEEDTEST.TCustomList$1$crc3F423682.PT>.T" never used
Compiling ./api/slapi.issues.pas
generics.collections.pas(1186,20) Note: Call to subroutine "function TEnumerable<System.AnsiString>.GetEnumerator:TEnumerator$1<SYSTEM.AnsiString>;" marked as inline is not inlined
generics.collections.pas(1186,20) Note: Call to subroutine "function TEnumerable<System.Int64>.GetEnumerator:TEnumerator$1<SYSTEM.Int64>;" marked as inline is not inlined
generics.collections.pas(1186,20) Note: Call to subroutine "function TEnumerable<slapi.issues.TPair<System.AnsiString,System.Int64>>.GetEnumerator:TEnumerator$1<SLAPI.ISSUES.TPair$2<SYSTEM.AnsiString,SYSTEM.Int64>>;" marked as inline is not inlined
generics.defaults.pas(2634,1) Warning: function result variable of a managed type does not seem to be initialized
generics.dictionaries.inc(191,92) Warning: Constructing a class "TCustomDictionaryEnumerator$4$crc2A0940D6" with abstract method "DoMoveNext"
generics.dictionaries.inc(191,92) Warning: Constructing a class "TCustomDictionaryEnumerator$4$crc2A0940D6" with abstract method "GetCurrent"
generics.dictionaries.inc(191,92) Warning: Constructing a class "TCustomDictionaryEnumerator$4$crc9C12A0A6" with abstract method "DoMoveNext"
generics.dictionaries.inc(191,92) Warning: Constructing a class "TCustomDictionaryEnumerator$4$crc9C12A0A6" with abstract method "GetCurrent"
generics.defaults.pas(2634,1) Warning: function result variable of a managed type does not seem to be initialized
generics.collections.pas(144,52) Note: Private type "TCustomPointersEnumerator$2<SYSTEM.AnsiString,SLAPI.ISSUES.TCustomList$1$crc6824777A.PT>.T" never used
generics.collections.pas(144,52) Note: Private type "TCustomPointersEnumerator$2<SYSTEM.Int64,SLAPI.ISSUES.TCustomList$1$crc713F463B.PT>.T" never used
generics.collections.pas(144,52) Note: Private type "TCustomPointersEnumerator$2<SLAPI.ISSUES.TPair$2<SYSTEM.AnsiString,SYSTEM.Int64>,SLAPI.ISSUES.TCustomList$1$crc3E8073AF.PT>.T" never used
Compiling delphimd5.pas
Compiling simulator.pas
generics.collections.pas(1186,20) Note: Call to subroutine "function TEnumerable<simulator.TSiteSimulationResult>.GetEnumerator:TEnumerator$1<SIMULATOR.TSiteSimulationResult>;" marked as inline is not inlined
generics.collections.pas(1186,20) Note: Call to subroutine "function TEnumerable<simulator.TRouteSimulationResult>.GetEnumerator:TEnumerator$1<SIMULATOR.TRouteSimulationResult>;" marked as inline is not inlined
generics.collections.pas(144,52) Note: Private type "TCustomPointersEnumerator$2<SIMULATOR.TSiteSimulationResult,SIMULATOR.TCustomList$1$crc113D56B7.PT>.T" never used
generics.collections.pas(144,52) Note: Private type "TCustomPointersEnumerator$2<SIMULATOR.TRouteSimulationResult,SIMULATOR.TCustomList$1$crc540C04A3.PT>.T" never used
generics.collections.pas(1186,20) Note: Call to subroutine "function TEnumerable<System.Int64>.GetEnumerator:TEnumerator$1<SYSTEM.Int64>;" marked as inline is not inlined
generics.collections.pas(1186,20) Note: Call to subroutine "function TEnumerable<System.LongInt>.GetEnumerator:TEnumerator$1<SYSTEM.LongInt>;" marked as inline is not inlined
generics.collections.pas(1186,20) Note: Call to subroutine "function TEnumerable<slapi.services.impl.TPair<System.Int64,System.LongInt>>.GetEnumerator:TEnumerator$1<SLAPI.SERVICES.IMPL.TPair$2<SYSTEM.Int64,SYSTEM.LongInt>>;" marked as inline is not inlined
generics.defaults.pas(2634,1) Warning: function result variable of a managed type does not seem to be initialized
generics.dictionaries.inc(191,92) Warning: Constructing a class "TCustomDictionaryEnumerator$4$crc946E5F3B" with abstract method "DoMoveNext"
generics.dictionaries.inc(191,92) Warning: Constructing a class "TCustomDictionaryEnumerator$4$crc946E5F3B" with abstract method "GetCurrent"
generics.dictionaries.inc(191,92) Warning: Constructing a class "TCustomDictionaryEnumerator$4$crc6FF4C545" with abstract method "DoMoveNext"
generics.dictionaries.inc(191,92) Warning: Constructing a class "TCustomDictionaryEnumerator$4$crc6FF4C545" with abstract method "GetCurrent"
generics.defaults.pas(2634,1) Warning: function result variable of a managed type does not seem to be initialized
generics.collections.pas(1186,20) Note: Call to subroutine "function TEnumerable<System.AnsiString>.GetEnumerator:TEnumerator$1<SYSTEM.AnsiString>;" marked as inline is not inlined
generics.collections.pas(1186,20) Note: Call to subroutine "function TEnumerable<slapi.services.impl.TSiteCreditsCacheEntry>.GetEnumerator:TEnumerator$1<SLAPI.SERVICES.IMPL.TSiteCreditsCacheEntry>;" marked as inline is not inlined
generics.collections.pas(1186,20) Note: Call to subroutine "function TEnumerable<slapi.services.impl.TPair<System.AnsiString,slapi.services.impl.TSiteCreditsCacheEntry>>.GetEnumerator:TEnumerator$1<SLAPI.SERVICES.IMPL.TPair$2<SYSTEM.AnsiString,SLAPI.SERVICES.IMPL.TSiteCreditsCacheEntry>>;" marked as inline is not inlined
generics.defaults.pas(2634,1) Warning: function result variable of a managed type does not seem to be initialized
generics.dictionaries.inc(191,92) Warning: Constructing a class "TCustomDictionaryEnumerator$4$crcB2BAFE4D" with abstract method "DoMoveNext"
generics.dictionaries.inc(191,92) Warning: Constructing a class "TCustomDictionaryEnumerator$4$crcB2BAFE4D" with abstract method "GetCurrent"
generics.dictionaries.inc(191,92) Warning: Constructing a class "TCustomDictionaryEnumerator$4$crc62E22C7A" with abstract method "DoMoveNext"
generics.dictionaries.inc(191,92) Warning: Constructing a class "TCustomDictionaryEnumerator$4$crc62E22C7A" with abstract method "GetCurrent"
generics.defaults.pas(2634,1) Warning: function result variable of a managed type does not seem to be initialized
generics.collections.pas(1186,20) Note: Call to subroutine "function TEnumerable<slapi.services.impl.TBrowserCacheEntry>.GetEnumerator:TEnumerator$1<SLAPI.SERVICES.IMPL.TBrowserCacheEntry>;" marked as inline is not inlined
generics.collections.pas(1186,20) Note: Call to subroutine "function TEnumerable<slapi.services.impl.TPair<System.AnsiString,slapi.services.impl.TBrowserCacheEntry>>.GetEnumerator:TEnumerator$1<SLAPI.SERVICES.IMPL.TPair$2<SYSTEM.AnsiString,SLAPI.SERVICES.IMPL.TBrowserCacheEntry>>;" marked as inline is not inlined
generics.dictionaries.inc(191,92) Warning: Constructing a class "TCustomDictionaryEnumerator$4$crcADE4654E" with abstract method "DoMoveNext"
generics.dictionaries.inc(191,92) Warning: Constructing a class "TCustomDictionaryEnumerator$4$crcADE4654E" with abstract method "GetCurrent"
generics.dictionaries.inc(191,92) Warning: Constructing a class "TCustomDictionaryEnumerator$4$crc86262D07" with abstract method "DoMoveNext"
generics.dictionaries.inc(191,92) Warning: Constructing a class "TCustomDictionaryEnumerator$4$crc86262D07" with abstract method "GetCurrent"
generics.defaults.pas(2634,1) Warning: function result variable of a managed type does not seem to be initialized
generics.collections.pas(1186,20) Note: Call to subroutine "function TEnumerable<dirlist.helpers.TParsedDirListEntry>.GetEnumerator:TEnumerator$1<DIRLIST.HELPERS.TParsedDirListEntry>;" marked as inline is not inlined
slapi.services.impl.pas(486,9) Note: Call to subroutine "procedure TDocVariantData.Init(const aOptions:TDocVariantOptions=`<set>`);" marked as inline is not inlined
slapi.services.impl.pas(487,83) Note: Call to subroutine "operator :=(const source:AnsiString):Variant;" marked as inline is not inlined
slapi.services.impl.pas(488,71) Note: Call to subroutine "operator :=(const source:Int64):Variant;" marked as inline is not inlined
slapi.services.impl.pas(489,79) Note: Call to subroutine "operator :=(const source:AnsiString):Variant;" marked as inline is not inlined
slapi.services.impl.pas(490,83) Note: Call to subroutine "operator :=(const source:AnsiString):Variant;" marked as inline is not inlined
slapi.services.impl.pas(491,85) Note: Call to subroutine "operator :=(const source:AnsiString):Variant;" marked as inline is not inlined
slapi.services.impl.pas(492,82) Note: Call to subroutine "operator :=(const source:AnsiString):Variant;" marked as inline is not inlined
slapi.services.impl.pas(496,59) Note: Call to subroutine "operator :=(const source:Boolean):Variant;" marked as inline is not inlined
slapi.services.impl.pas(498,60) Note: Call to subroutine "operator :=(const source:Boolean):Variant;" marked as inline is not inlined
slapi.services.impl.pas(500,78) Note: Call to subroutine "operator :=(const source:Boolean):Variant;" marked as inline is not inlined
slapi.services.impl.pas(502,100) Note: Call to subroutine "operator :=(const source:AnsiString):Variant;" marked as inline is not inlined
slapi.services.impl.pas(648,9) Note: Call to subroutine "procedure TDocVariantData.Init(const aOptions:TDocVariantOptions=`<set>`);" marked as inline is not inlined
slapi.services.impl.pas(649,62) Note: Call to subroutine "operator :=(const source:ShortString):Variant;" marked as inline is not inlined
slapi.services.impl.pas(650,84) Note: Call to subroutine "operator :=(const source:AnsiString):Variant;" marked as inline is not inlined
slapi.services.impl.pas(679,9) Note: Call to subroutine "procedure TDocVariantData.Init(const aOptions:TDocVariantOptions=`<set>`);" marked as inline is not inlined
slapi.services.impl.pas(684,68) Note: Call to subroutine "operator :=(const source:ShortString):Variant;" marked as inline is not inlined
slapi.services.impl.pas(688,66) Note: Call to subroutine "operator :=(const source:ShortString):Variant;" marked as inline is not inlined
slapi.services.impl.pas(690,74) Note: Call to subroutine "operator :=(const source:AnsiString):Variant;" marked as inline is not inlined
slapi.services.impl.pas(691,100) Note: Call to subroutine "operator :=(const source:Int64):Variant;" marked as inline is not inlined
slapi.services.impl.pas(695,66) Note: Call to subroutine "operator :=(const source:ShortString):Variant;" marked as inline is not inlined
slapi.services.impl.pas(696,83) Note: Call to subroutine "operator :=(const source:AnsiString):Variant;" marked as inline is not inlined
slapi.services.impl.pas(710,7) Note: Call to subroutine "procedure TDocVariantData.Init(const aOptions:TDocVariantOptions=`<set>`);" marked as inline is not inlined
slapi.services.impl.pas(711,60) Note: Call to subroutine "operator :=(const source:ShortString):Variant;" marked as inline is not inlined
slapi.services.impl.pas(712,75) Note: Call to subroutine "operator :=(const source:AnsiString):Variant;" marked as inline is not inlined
slapi.services.impl.pas(743,44) Note: Call to subroutine "operator :=(const source:AnsiString):Variant;" marked as inline is not inlined
slapi.services.impl.pas(804,5) Note: Call to subroutine "procedure TDocVariantData.Init(const aOptions:TDocVariantOptions;aKind:TDocVariantKind);" marked as inline is not inlined
slapi.services.impl.pas(808,7) Note: Call to subroutine "procedure TDocVariantData.Init(const aOptions:TDocVariantOptions=`<set>`);" marked as inline is not inlined
slapi.services.impl.pas(929,3) Note: Local variable "cpuLoadAvailable" not used
slapi.services.impl.pas(981,54) Note: Call to subroutine "function TDocVariantData.GetKind:<enumeration type>;" marked as inline is not inlined
slapi.services.impl.pas(986,46) Note: Call to subroutine "operator :=(const source:OleVariant):AnsiString;" marked as inline is not inlined
slapi.services.impl.pas(988,41) Note: Call to subroutine "operator :=(const source:OleVariant):Boolean;" marked as inline is not inlined
slapi.services.impl.pas(1026,30) Note: Call to subroutine "function TDocVariantData.GetKind:<enumeration type>;" marked as inline is not inlined
slapi.services.impl.pas(1032,30) Note: Call to subroutine "function TDocVariantData.GetKind:<enumeration type>;" marked as inline is not inlined
slapi.services.impl.pas(1038,30) Note: Call to subroutine "function TDocVariantData.GetKind:<enumeration type>;" marked as inline is not inlined
slapi.services.impl.pas(1061,32) Note: Call to subroutine "function TDocVariantData.GetKind:<enumeration type>;" marked as inline is not inlined
slapi.services.impl.pas(1063,29) Note: Call to subroutine "function TDocVariantData.GetKind:<enumeration type>;" marked as inline is not inlined
slapi.services.impl.pas(1065,45) Note: Call to subroutine "operator :=(const source:OleVariant):Double;" marked as inline is not inlined
slapi.services.impl.pas(1070,35) Note: Call to subroutine "function TDocVariantData.GetKind:<enumeration type>;" marked as inline is not inlined
slapi.services.impl.pas(1072,40) Note: Call to subroutine "operator =(const op1:Variant;const op2:Variant):Boolean;" marked as inline is not inlined
slapi.services.impl.pas(1072,40) Note: Call to subroutine "operator :=(const source:ShortString):Variant;" marked as inline is not inlined
slapi.services.impl.pas(1073,79) Note: Call to subroutine "operator :=(const source:OleVariant):AnsiString;" marked as inline is not inlined
slapi.services.impl.pas(1073,113) Note: Call to subroutine "operator :=(const source:OleVariant):AnsiString;" marked as inline is not inlined
slapi.services.impl.pas(1075,87) Note: Call to subroutine "operator :=(const source:OleVariant):AnsiString;" marked as inline is not inlined
slapi.services.impl.pas(1077,38) Note: Call to subroutine "operator :=(const source:OleVariant):Int64;" marked as inline is not inlined
slapi.services.impl.pas(1218,5) Note: Call to subroutine "procedure TDocVariantData.Init(const aOptions:TDocVariantOptions;aKind:TDocVariantKind);" marked as inline is not inlined
slapi.services.impl.pas(1253,11) Note: Call to subroutine "procedure TDocVariantData.Init(const aOptions:TDocVariantOptions=`<set>`);" marked as inline is not inlined
slapi.services.impl.pas(1335,11) Note: Call to subroutine "procedure TDocVariantData.Init(const aOptions:TDocVariantOptions;aKind:TDocVariantKind);" marked as inline is not inlined
slapi.services.impl.pas(1336,11) Note: Call to subroutine "procedure TDocVariantData.Init(const aOptions:TDocVariantOptions;aKind:TDocVariantKind);" marked as inline is not inlined
slapi.services.impl.pas(1347,57) Note: Call to subroutine "operator :=(const source:AnsiString):Variant;" marked as inline is not inlined
slapi.services.impl.pas(1382,67) Note: Call to subroutine "operator :=(const source:AnsiString):Variant;" marked as inline is not inlined
slapi.services.impl.pas(1521,5) Note: Call to subroutine "procedure TDocVariantData.Init(const aOptions:TDocVariantOptions;aKind:TDocVariantKind);" marked as inline is not inlined
slapi.services.impl.pas(1533,11) Note: Call to subroutine "procedure TDocVariantData.Init(const aOptions:TDocVariantOptions=`<set>`);" marked as inline is not inlined
slapi.services.impl.pas(1874,9) Note: Call to subroutine "procedure TDocVariantData.Init(const aOptions:TDocVariantOptions=`<set>`);" marked as inline is not inlined
slapi.services.impl.pas(1880,64) Note: Call to subroutine "operator :=(const source:AnsiString):Variant;" marked as inline is not inlined
slapi.services.impl.pas(1887,66) Note: Call to subroutine "operator :=(const source:ShortString):Variant;" marked as inline is not inlined
slapi.services.impl.pas(1888,70) Note: Call to subroutine "operator :=(const source:ShortString):Variant;" marked as inline is not inlined
slapi.services.impl.pas(1889,92) Note: Call to subroutine "operator :=(const source:ShortString):Variant;" marked as inline is not inlined
slapi.services.impl.pas(1890,76) Note: Call to subroutine "operator :=(const source:ShortString):Variant;" marked as inline is not inlined
slapi.services.impl.pas(1891,69) Note: Call to subroutine "operator :=(const source:ShortString):Variant;" marked as inline is not inlined
slapi.services.impl.pas(1898,66) Note: Call to subroutine "operator :=(const source:LongInt):Variant;" marked as inline is not inlined
slapi.services.impl.pas(1904,74) Note: Call to subroutine "operator :=(const source:LongInt):Variant;" marked as inline is not inlined
slapi.services.impl.pas(1911,67) Note: Call to subroutine "operator :=(const source:LongInt):Variant;" marked as inline is not inlined
slapi.services.impl.pas(1912,67) Note: Call to subroutine "operator :=(const source:LongInt):Variant;" marked as inline is not inlined
slapi.services.impl.pas(1913,74) Note: Call to subroutine "operator :=(const source:LongInt):Variant;" marked as inline is not inlined
slapi.services.impl.pas(1914,67) Note: Call to subroutine "operator :=(const source:LongInt):Variant;" marked as inline is not inlined
slapi.services.impl.pas(1915,67) Note: Call to subroutine "operator :=(const source:LongInt):Variant;" marked as inline is not inlined
slapi.services.impl.pas(1916,72) Note: Call to subroutine "operator :=(const source:Boolean):Variant;" marked as inline is not inlined
slapi.services.impl.pas(1917,74) Note: Call to subroutine "operator :=(const source:Boolean):Variant;" marked as inline is not inlined
slapi.services.impl.pas(1918,91) Note: Call to subroutine "operator :=(const source:LongInt):Variant;" marked as inline is not inlined
slapi.services.impl.pas(1919,82) Note: Call to subroutine "operator :=(const source:AnsiString):Variant;" marked as inline is not inlined
slapi.services.impl.pas(1920,94) Note: Call to subroutine "operator :=(const source:LongInt):Variant;" marked as inline is not inlined
slapi.services.impl.pas(1921,100) Note: Call to subroutine "operator :=(const source:LongInt):Variant;" marked as inline is not inlined
slapi.services.impl.pas(1922,72) Note: Call to subroutine "operator :=(const source:LongInt):Variant;" marked as inline is not inlined
generics.collections.pas(1186,20) Note: Call to subroutine "function TEnumerable<routeconfig.TSpeedFromRouteInfo>.GetEnumerator:TEnumerator$1<ROUTECONFIG.TSpeedFromRouteInfo>;" marked as inline is not inlined
slapi.services.impl.pas(2730,73) Note: Call to subroutine "operator :=(const source:AnsiString):Variant;" marked as inline is not inlined
slapi.services.impl.pas(2731,71) Note: Call to subroutine "operator :=(const source:LongInt):Variant;" marked as inline is not inlined
slapi.services.impl.pas(2732,80) Note: Call to subroutine "operator :=(const source:Boolean):Variant;" marked as inline is not inlined
slapi.services.impl.pas(2733,76) Note: Call to subroutine "operator :=(const source:Boolean):Variant;" marked as inline is not inlined
slapi.services.impl.pas(2734,73) Note: Call to subroutine "operator :=(const source:Boolean):Variant;" marked as inline is not inlined
slapi.services.impl.pas(2993,7) Note: Call to subroutine "procedure TDocVariantData.Init(const aOptions:TDocVariantOptions=`<set>`);" marked as inline is not inlined
slapi.services.impl.pas(2994,67) Note: Call to subroutine "operator :=(const source:AnsiString):Variant;" marked as inline is not inlined
slapi.services.impl.pas(2995,55) Note: Call to subroutine "operator :=(const source:LongInt):Variant;" marked as inline is not inlined
slapi.services.impl.pas(3053,111) Note: Call to subroutine "operator :=(const source:Variant):LongInt;" marked as inline is not inlined
slapi.services.impl.pas(3054,111) Note: Call to subroutine "operator :=(const source:Variant):LongInt;" marked as inline is not inlined
slapi.services.impl.pas(3055,105) Note: Call to subroutine "operator :=(const source:Variant):LongInt;" marked as inline is not inlined
slapi.services.impl.pas(3056,102) Note: Call to subroutine "operator :=(const source:Variant):LongInt;" marked as inline is not inlined
slapi.services.impl.pas(3057,99) Note: Call to subroutine "operator :=(const source:Variant):AnsiString;" marked as inline is not inlined
slapi.services.impl.pas(3058,128) Note: Call to subroutine "operator :=(const source:Variant):LongInt;" marked as inline is not inlined
slapi.services.impl.pas(3059,170) Note: Call to subroutine "operator :=(const source:Variant):LongInt;" marked as inline is not inlined
slapi.services.impl.pas(3060,178) Note: Call to subroutine "operator :=(const source:Variant):LongInt;" marked as inline is not inlined
slapi.services.impl.pas(3063,37) Note: Call to subroutine "operator :=(const source:Variant):LongInt;" marked as inline is not inlined
slapi.services.impl.pas(3068,103) Note: Call to subroutine "operator :=(const source:Variant):LongInt;" marked as inline is not inlined
slapi.services.impl.pas(3069,118) Note: Call to subroutine "operator :=(const source:Variant):AnsiString;" marked as inline is not inlined
slapi.services.impl.pas(3070,121) Note: Call to subroutine "operator :=(const source:Variant):AnsiString;" marked as inline is not inlined
slapi.services.impl.pas(3071,104) Note: Call to subroutine "operator :=(const source:Variant):AnsiString;" marked as inline is not inlined
slapi.services.impl.pas(3072,107) Note: Call to subroutine "operator :=(const source:Variant):AnsiString;" marked as inline is not inlined
slapi.services.impl.pas(3073,111) Note: Call to subroutine "operator :=(const source:Variant):AnsiString;" marked as inline is not inlined
slapi.services.impl.pas(3074,107) Note: Call to subroutine "operator :=(const source:Variant):AnsiString;" marked as inline is not inlined
slapi.services.impl.pas(3076,98) Note: Call to subroutine "operator :=(const source:Variant):LongInt;" marked as inline is not inlined
slapi.services.impl.pas(3131,46) Note: Call to subroutine "operator :=(const source:OleVariant):LongInt;" marked as inline is not inlined
slapi.services.impl.pas(3197,57) Note: Call to subroutine "operator :=(const source:AnsiString):Variant;" marked as inline is not inlined
slapi.services.impl.pas(3249,9) Note: Call to subroutine "procedure TDocVariantData.Init(const aOptions:TDocVariantOptions=`<set>`);" marked as inline is not inlined
slapi.services.impl.pas(3250,80) Note: Call to subroutine "operator :=(const source:AnsiString):Variant;" marked as inline is not inlined
slapi.services.impl.pas(3251,75) Note: Call to subroutine "operator :=(const source:AnsiString):Variant;" marked as inline is not inlined
slapi.services.impl.pas(3374,3) Note: Local variable "fResult" is assigned but never used
slapi.services.impl.pas(3536,30) Warning: Implicit string type conversion from "AnsiString" to "UnicodeString"
slapi.services.impl.pas(3504,5) Note: Call to subroutine "procedure TDocVariantData.Init(const aOptions:TDocVariantOptions=`<set>`);" marked as inline is not inlined
slapi.services.impl.pas(3505,51) Note: Call to subroutine "operator :=(const source:LongInt):Variant;" marked as inline is not inlined
slapi.services.impl.pas(3506,69) Note: Call to subroutine "operator :=(const source:AnsiString):Variant;" marked as inline is not inlined
slapi.services.impl.pas(3703,9) Note: Call to subroutine "procedure TDocVariantData.Init(const aOptions:TDocVariantOptions=`<set>`);" marked as inline is not inlined
slapi.services.impl.pas(3704,74) Note: Call to subroutine "operator :=(const source:AnsiString):Variant;" marked as inline is not inlined
slapi.services.impl.pas(3706,94) Note: Call to subroutine "operator :=(const source:AnsiString):Variant;" marked as inline is not inlined
slapi.services.impl.pas(3708,51) Note: Call to subroutine "operator :=(const source:ShortString):Variant;" marked as inline is not inlined
slapi.services.impl.pas(3709,88) Note: Call to subroutine "operator :=(const source:AnsiString):Variant;" marked as inline is not inlined
slapi.services.impl.pas(4222,11) Note: Call to subroutine "procedure TDocVariantData.Init(const aOptions:TDocVariantOptions=`<set>`);" marked as inline is not inlined
slapi.services.impl.pas(4223,74) Note: Call to subroutine "operator :=(const source:AnsiString):Variant;" marked as inline is not inlined
slapi.services.impl.pas(4224,71) Note: Call to subroutine "operator :=(const source:AnsiString):Variant;" marked as inline is not inlined
slapi.services.impl.pas(4225,59) Note: Call to subroutine "operator :=(const source:LongInt):Variant;" marked as inline is not inlined
slapi.services.impl.pas(4226,75) Note: Call to subroutine "operator :=(const source:AnsiString):Variant;" marked as inline is not inlined
slapi.services.impl.pas(4227,79) Note: Call to subroutine "operator :=(const source:AnsiString):Variant;" marked as inline is not inlined
slapi.services.impl.pas(4228,96) Note: Call to subroutine "operator :=(const source:Boolean):Variant;" marked as inline is not inlined
slapi.services.impl.pas(4231,81) Note: Call to subroutine "operator :=(const source:LongInt):Variant;" marked as inline is not inlined
slapi.services.impl.pas(4233,65) Note: Call to subroutine "operator :=(const source:ShortInt):Variant;" marked as inline is not inlined
slapi.services.impl.pas(4315,3) Note: Local variable "key" not used
slapi.services.impl.pas(4360,11) Note: Call to subroutine "procedure TDocVariantData.Init(const aOptions:TDocVariantOptions=`<set>`);" marked as inline is not inlined
slapi.services.impl.pas(4361,79) Note: Call to subroutine "operator :=(const source:AnsiString):Variant;" marked as inline is not inlined
slapi.services.impl.pas(4384,76) Note: Call to subroutine "operator :=(const source:Boolean):Variant;" marked as inline is not inlined
slapi.services.impl.pas(4389,90) Note: Call to subroutine "operator :=(const source:AnsiString):Variant;" marked as inline is not inlined
slapi.services.impl.pas(4390,94) Note: Call to subroutine "operator :=(const source:AnsiString):Variant;" marked as inline is not inlined
slapi.services.impl.pas(4394,77) Note: Call to subroutine "operator :=(const source:ShortString):Variant;" marked as inline is not inlined
slapi.services.impl.pas(4396,77) Note: Call to subroutine "operator :=(const source:ShortString):Variant;" marked as inline is not inlined
slapi.services.impl.pas(4398,62) Note: Call to subroutine "operator :=(const source:ShortString):Variant;" marked as inline is not inlined
slapi.services.impl.pas(4402,60) Note: Call to subroutine "operator :=(const source:ShortString):Variant;" marked as inline is not inlined
slapi.services.impl.pas(4403,62) Note: Call to subroutine "operator :=(const source:ShortString):Variant;" marked as inline is not inlined
slapi.services.impl.pas(4404,60) Note: Call to subroutine "operator :=(const source:ShortString):Variant;" marked as inline is not inlined
slapi.services.impl.pas(5041,11) Note: Call to subroutine "procedure TDocVariantData.Init(const aOptions:TDocVariantOptions=`<set>`);" marked as inline is not inlined
slapi.services.impl.pas(5042,52) Note: Call to subroutine "operator :=(const source:LongInt):Variant;" marked as inline is not inlined
slapi.services.impl.pas(5043,75) Note: Call to subroutine "operator :=(const source:AnsiString):Variant;" marked as inline is not inlined
slapi.services.impl.pas(5044,75) Note: Call to subroutine "operator :=(const source:AnsiString):Variant;" marked as inline is not inlined
slapi.services.impl.pas(5045,77) Note: Call to subroutine "operator :=(const source:AnsiString):Variant;" marked as inline is not inlined
slapi.services.impl.pas(5046,77) Note: Call to subroutine "operator :=(const source:AnsiString):Variant;" marked as inline is not inlined
slapi.services.impl.pas(5047,71) Note: Call to subroutine "operator :=(const source:AnsiString):Variant;" marked as inline is not inlined
slapi.services.impl.pas(5048,71) Note: Call to subroutine "operator :=(const source:AnsiString):Variant;" marked as inline is not inlined
slapi.services.impl.pas(5049,75) Note: Call to subroutine "operator :=(const source:AnsiString):Variant;" marked as inline is not inlined
slapi.services.impl.pas(5445,7) Note: Call to subroutine "procedure TDocVariantData.Init(const aOptions:TDocVariantOptions=`<set>`);" marked as inline is not inlined
slapi.services.impl.pas(5446,59) Note: Call to subroutine "operator :=(const source:Boolean):Variant;" marked as inline is not inlined
slapi.services.impl.pas(5447,90) Note: Call to subroutine "operator :=(const source:AnsiString):Variant;" marked as inline is not inlined
slapi.services.impl.pas(5456,7) Note: Call to subroutine "procedure TDocVariantData.Init(const aOptions:TDocVariantOptions=`<set>`);" marked as inline is not inlined
slapi.services.impl.pas(5457,59) Note: Call to subroutine "operator :=(const source:Boolean):Variant;" marked as inline is not inlined
slapi.services.impl.pas(5458,87) Note: Call to subroutine "operator :=(const source:AnsiString):Variant;" marked as inline is not inlined
slapi.services.impl.pas(5481,7) Note: Call to subroutine "procedure TDocVariantData.Init(const aOptions:TDocVariantOptions=`<set>`);" marked as inline is not inlined
slapi.services.impl.pas(5482,59) Note: Call to subroutine "operator :=(const source:Boolean):Variant;" marked as inline is not inlined
slapi.services.impl.pas(5483,120) Note: Call to subroutine "operator :=(const source:AnsiString):Variant;" marked as inline is not inlined
slapi.services.impl.pas(5491,7) Note: Call to subroutine "procedure TDocVariantData.Init(const aOptions:TDocVariantOptions=`<set>`);" marked as inline is not inlined
slapi.services.impl.pas(5492,59) Note: Call to subroutine "operator :=(const source:Boolean):Variant;" marked as inline is not inlined
slapi.services.impl.pas(5493,117) Note: Call to subroutine "operator :=(const source:AnsiString):Variant;" marked as inline is not inlined
slapi.services.impl.pas(5523,5) Note: Call to subroutine "procedure TDocVariantData.Init(const aOptions:TDocVariantOptions=`<set>`);" marked as inline is not inlined
slapi.services.impl.pas(5524,56) Note: Call to subroutine "operator :=(const source:Boolean):Variant;" marked as inline is not inlined
slapi.services.impl.pas(5525,104) Note: Call to subroutine "operator :=(const source:AnsiString):Variant;" marked as inline is not inlined
slapi.services.impl.pas(5527,80) Note: Call to subroutine "operator :=(const source:AnsiString):Variant;" marked as inline is not inlined
slapi.services.impl.pas(5529,67) Note: Call to subroutine "operator :=(const source:AnsiString):Variant;" marked as inline is not inlined
slapi.services.impl.pas(5537,7) Note: Call to subroutine "procedure TDocVariantData.Init(const aOptions:TDocVariantOptions=`<set>`);" marked as inline is not inlined
slapi.services.impl.pas(5538,59) Note: Call to subroutine "operator :=(const source:Boolean):Variant;" marked as inline is not inlined
slapi.services.impl.pas(5539,73) Note: Call to subroutine "operator :=(const source:AnsiString):Variant;" marked as inline is not inlined
slapi.services.impl.pas(5591,11) Note: Call to subroutine "procedure TDocVariantData.Init(const aOptions:TDocVariantOptions=`<set>`);" marked as inline is not inlined
slapi.services.impl.pas(5592,55) Note: Call to subroutine "operator :=(const source:LongInt):Variant;" marked as inline is not inlined
slapi.services.impl.pas(5593,94) Note: Call to subroutine "operator :=(const source:AnsiString):Variant;" marked as inline is not inlined
slapi.services.impl.pas(5594,92) Note: Call to subroutine "operator :=(const source:AnsiString):Variant;" marked as inline is not inlined
slapi.services.impl.pas(5595,85) Note: Call to subroutine "operator :=(const source:AnsiString):Variant;" marked as inline is not inlined
slapi.services.impl.pas(5631,7) Note: Call to subroutine "procedure TDocVariantData.Init(const aOptions:TDocVariantOptions=`<set>`);" marked as inline is not inlined
slapi.services.impl.pas(5632,56) Note: Call to subroutine "operator :=(const source:Int64):Variant;" marked as inline is not inlined
slapi.services.impl.pas(5633,83) Note: Call to subroutine "operator :=(const source:Int64):Variant;" marked as inline is not inlined
slapi.services.impl.pas(5634,78) Note: Call to subroutine "operator :=(const source:AnsiString):Variant;" marked as inline is not inlined
slapi.services.impl.pas(5635,78) Note: Call to subroutine "operator :=(const source:AnsiString):Variant;" marked as inline is not inlined
slapi.services.impl.pas(5636,72) Note: Call to subroutine "operator :=(const source:AnsiString):Variant;" marked as inline is not inlined
slapi.services.impl.pas(5637,80) Note: Call to subroutine "operator :=(const source:AnsiString):Variant;" marked as inline is not inlined
slapi.services.impl.pas(5638,99) Note: Call to subroutine "operator :=(const source:AnsiString):Variant;" marked as inline is not inlined
slapi.services.impl.pas(5639,78) Note: Call to subroutine "operator :=(const source:AnsiString):Variant;" marked as inline is not inlined
slapi.services.impl.pas(5640,86) Note: Call to subroutine "operator :=(const source:AnsiString):Variant;" marked as inline is not inlined
slapi.services.impl.pas(5641,64) Note: Call to subroutine "operator :=(const source:LongInt):Variant;" marked as inline is not inlined
slapi.services.impl.pas(5642,80) Note: Call to subroutine "operator :=(const source:AnsiString):Variant;" marked as inline is not inlined
slapi.services.impl.pas(5643,72) Note: Call to subroutine "operator :=(const source:AnsiString):Variant;" marked as inline is not inlined
slapi.services.impl.pas(5668,5) Note: Call to subroutine "procedure TDocVariantData.Init(const aOptions:TDocVariantOptions=`<set>`);" marked as inline is not inlined
slapi.services.impl.pas(5669,67) Note: Call to subroutine "operator :=(const source:AnsiString):Variant;" marked as inline is not inlined
slapi.services.impl.pas(5670,69) Note: Call to subroutine "operator :=(const source:Boolean):Variant;" marked as inline is not inlined
slapi.services.impl.pas(5675,55) Note: Call to subroutine "operator :=(const source:UTF8String):Variant;" marked as inline is not inlined
slapi.services.impl.pas(5680,73) Note: Call to subroutine "operator :=(const source:AnsiString):Variant;" marked as inline is not inlined
slapi.services.impl.pas(5687,50) Note: Call to subroutine "operator :=(const source:ShortString):Variant;" marked as inline is not inlined
slapi.services.impl.pas(5688,54) Note: Call to subroutine "operator :=(const source:ShortString):Variant;" marked as inline is not inlined
slapi.services.impl.pas(5730,34) Warning: Implicit string type conversion from "AnsiString" to "UnicodeString"
slapi.services.impl.pas(5749,5) Note: Call to subroutine "procedure TDocVariantData.Init(const aOptions:TDocVariantOptions=`<set>`);" marked as inline is not inlined
slapi.services.impl.pas(5834,80) Note: Call to subroutine "operator :=(const source:Boolean):Variant;" marked as inline is not inlined
slapi.services.impl.pas(5718,5) Note: Call to subroutine "procedure TDocVariantData.Init(const aOptions:TDocVariantOptions=`<set>`);" marked as inline is not inlined
slapi.services.impl.pas(5719,51) Note: Call to subroutine "operator :=(const source:LongInt):Variant;" marked as inline is not inlined
slapi.services.impl.pas(5720,69) Note: Call to subroutine "operator :=(const source:AnsiString):Variant;" marked as inline is not inlined
slapi.services.impl.pas(5858,5) Note: Call to subroutine "procedure TDocVariantData.Init(const aOptions:TDocVariantOptions=`<set>`);" marked as inline is not inlined
slapi.services.impl.pas(5869,54) Note: Call to subroutine "operator :=(const source:Boolean):Variant;" marked as inline is not inlined
slapi.services.impl.pas(5870,102) Note: Call to subroutine "operator :=(const source:ShortString):Variant;" marked as inline is not inlined
slapi.services.impl.pas(5871,71) Note: Call to subroutine "operator :=(const source:AnsiString):Variant;" marked as inline is not inlined
slapi.services.impl.pas(5872,60) Note: Call to subroutine "operator :=(const source:UTF8String):Variant;" marked as inline is not inlined
slapi.services.impl.pas(5873,57) Note: Call to subroutine "operator :=(const source:ShortString):Variant;" marked as inline is not inlined
slapi.services.impl.pas(5882,8) Note: Call to subroutine "operator :=(const source:Variant):Boolean;" marked as inline is not inlined
slapi.services.impl.pas(5882,8) Note: Call to subroutine "operator not(const op:Variant):Variant;" marked as inline is not inlined
slapi.services.impl.pas(5884,54) Note: Call to subroutine "operator :=(const source:Boolean):Variant;" marked as inline is not inlined
slapi.services.impl.pas(5885,73) Note: Call to subroutine "operator :=(const source:ShortString):Variant;" marked as inline is not inlined
slapi.services.impl.pas(5886,71) Note: Call to subroutine "operator :=(const source:AnsiString):Variant;" marked as inline is not inlined
slapi.services.impl.pas(5887,60) Note: Call to subroutine "operator :=(const source:UTF8String):Variant;" marked as inline is not inlined
slapi.services.impl.pas(5909,51) Note: Call to subroutine "operator :=(const source:Boolean):Variant;" marked as inline is not inlined
slapi.services.impl.pas(5910,72) Note: Call to subroutine "operator :=(const source:ShortString):Variant;" marked as inline is not inlined
slapi.services.impl.pas(5911,69) Note: Call to subroutine "operator :=(const source:AnsiString):Variant;" marked as inline is not inlined
slapi.services.impl.pas(5912,54) Note: Call to subroutine "operator :=(const source:UTF8String):Variant;" marked as inline is not inlined
slapi.services.impl.pas(5913,55) Note: Call to subroutine "operator :=(const source:ShortString):Variant;" marked as inline is not inlined
slapi.services.impl.pas(5940,52) Note: Call to subroutine "operator :=(const source:AnsiString):Variant;" marked as inline is not inlined
slapi.services.impl.pas(5946,48) Note: Call to subroutine "operator :=(const source:ShortString):Variant;" marked as inline is not inlined
slapi.services.impl.pas(5947,49) Note: Call to subroutine "operator :=(const source:ShortString):Variant;" marked as inline is not inlined
slapi.services.impl.pas(5948,48) Note: Call to subroutine "operator :=(const source:ShortString):Variant;" marked as inline is not inlined
slapi.services.impl.pas(5949,49) Note: Call to subroutine "operator :=(const source:ShortString):Variant;" marked as inline is not inlined
slapi.services.impl.pas(5984,7) Note: Call to subroutine "procedure TDocVariantData.Init(const aOptions:TDocVariantOptions=`<set>`);" marked as inline is not inlined
slapi.services.impl.pas(5985,59) Note: Call to subroutine "operator :=(const source:Boolean):Variant;" marked as inline is not inlined
slapi.services.impl.pas(5986,112) Note: Call to subroutine "operator :=(const source:AnsiString):Variant;" marked as inline is not inlined
slapi.services.impl.pas(5993,7) Note: Call to subroutine "procedure TDocVariantData.Init(const aOptions:TDocVariantOptions=`<set>`);" marked as inline is not inlined
slapi.services.impl.pas(5994,82) Note: Call to subroutine "operator :=(const source:AnsiString):Variant;" marked as inline is not inlined
slapi.services.impl.pas(5995,74) Note: Call to subroutine "operator :=(const source:AnsiString):Variant;" marked as inline is not inlined
slapi.services.impl.pas(5996,68) Note: Call to subroutine "operator :=(const source:LongInt):Variant;" marked as inline is not inlined
slapi.services.impl.pas(5997,72) Note: Call to subroutine "operator :=(const source:LongInt):Variant;" marked as inline is not inlined
slapi.services.impl.pas(5998,84) Note: Call to subroutine "operator :=(const source:AnsiString):Variant;" marked as inline is not inlined
slapi.services.impl.pas(5999,62) Note: Call to subroutine "operator :=(const source:Boolean):Variant;" marked as inline is not inlined
slapi.services.impl.pas(6000,80) Note: Call to subroutine "operator :=(const source:AnsiString):Variant;" marked as inline is not inlined
slapi.services.impl.pas(6005,9) Note: Call to subroutine "procedure TDocVariantData.Init(const aOptions:TDocVariantOptions=`<set>`);" marked as inline is not inlined
slapi.services.impl.pas(6006,94) Note: Call to subroutine "operator :=(const source:AnsiString):Variant;" marked as inline is not inlined
slapi.services.impl.pas(6007,92) Note: Call to subroutine "operator :=(const source:AnsiString):Variant;" marked as inline is not inlined
slapi.services.impl.pas(6008,80) Note: Call to subroutine "operator :=(const source:Boolean):Variant;" marked as inline is not inlined
slapi.services.impl.pas(6009,90) Note: Call to subroutine "operator :=(const source:AnsiString):Variant;" marked as inline is not inlined
slapi.services.impl.pas(6010,98) Note: Call to subroutine "operator :=(const source:AnsiString):Variant;" marked as inline is not inlined
slapi.services.impl.pas(6011,80) Note: Call to subroutine "operator :=(const source:Boolean):Variant;" marked as inline is not inlined
slapi.services.impl.pas(6012,86) Note: Call to subroutine "operator :=(const source:Boolean):Variant;" marked as inline is not inlined
slapi.services.impl.pas(6013,82) Note: Call to subroutine "operator :=(const source:Boolean):Variant;" marked as inline is not inlined
slapi.services.impl.pas(6014,84) Note: Call to subroutine "operator :=(const source:Boolean):Variant;" marked as inline is not inlined
slapi.services.impl.pas(6022,9) Note: Call to subroutine "procedure TDocVariantData.Init(const aOptions:TDocVariantOptions=`<set>`);" marked as inline is not inlined
slapi.services.impl.pas(6023,100) Note: Call to subroutine "operator :=(const source:AnsiString):Variant;" marked as inline is not inlined
slapi.services.impl.pas(6024,110) Note: Call to subroutine "operator :=(const source:AnsiString):Variant;" marked as inline is not inlined
slapi.services.impl.pas(6025,76) Note: Call to subroutine "operator :=(const source:LongInt):Variant;" marked as inline is not inlined
slapi.services.impl.pas(6026,90) Note: Call to subroutine "operator :=(const source:LongInt):Variant;" marked as inline is not inlined
slapi.services.impl.pas(6031,7) Note: Call to subroutine "procedure TDocVariantData.Init(const aOptions:TDocVariantOptions=`<set>`);" marked as inline is not inlined
slapi.services.impl.pas(6032,75) Note: Call to subroutine "operator :=(const source:Boolean):Variant;" marked as inline is not inlined
slapi.services.impl.pas(6033,80) Note: Call to subroutine "operator :=(const source:AnsiString):Variant;" marked as inline is not inlined
slapi.services.impl.pas(6043,7) Note: Call to subroutine "procedure TDocVariantData.Init(const aOptions:TDocVariantOptions=`<set>`);" marked as inline is not inlined
slapi.services.impl.pas(6044,59) Note: Call to subroutine "operator :=(const source:Boolean):Variant;" marked as inline is not inlined
slapi.services.impl.pas(6045,73) Note: Call to subroutine "operator :=(const source:AnsiString):Variant;" marked as inline is not inlined
slapi.services.impl.pas(6091,7) Note: Call to subroutine "procedure TDocVariantData.Init(const aOptions:TDocVariantOptions=`<set>`);" marked as inline is not inlined
slapi.services.impl.pas(6092,59) Note: Call to subroutine "operator :=(const source:Boolean):Variant;" marked as inline is not inlined
slapi.services.impl.pas(6093,89) Note: Call to subroutine "operator :=(const source:AnsiString):Variant;" marked as inline is not inlined
slapi.services.impl.pas(6094,56) Note: Call to subroutine "operator :=(const source:ShortString):Variant;" marked as inline is not inlined
slapi.services.impl.pas(6260,5) Note: Call to subroutine "procedure TDocVariantData.Init(const aOptions:TDocVariantOptions=`<set>`);" marked as inline is not inlined
slapi.services.impl.pas(6261,56) Note: Call to subroutine "operator :=(const source:Boolean):Variant;" marked as inline is not inlined
slapi.services.impl.pas(6262,52) Note: Call to subroutine "operator :=(const source:ShortString):Variant;" marked as inline is not inlined
slapi.services.impl.pas(6263,79) Note: Call to subroutine "operator :=(const source:AnsiString):Variant;" marked as inline is not inlined
slapi.services.impl.pas(6264,5) Note: Call to subroutine "procedure TDocVariantData.Init(const aOptions:TDocVariantOptions=`<set>`);" marked as inline is not inlined
slapi.services.impl.pas(6265,66) Note: Call to subroutine "operator :=(const source:AnsiString):Variant;" marked as inline is not inlined
slapi.services.impl.pas(6266,78) Note: Call to subroutine "operator :=(const source:AnsiString):Variant;" marked as inline is not inlined
slapi.services.impl.pas(6267,82) Note: Call to subroutine "operator :=(const source:AnsiString):Variant;" marked as inline is not inlined
slapi.services.impl.pas(6268,66) Note: Call to subroutine "operator :=(const source:Boolean):Variant;" marked as inline is not inlined
slapi.services.impl.pas(6269,72) Note: Call to subroutine "operator :=(const source:Boolean):Variant;" marked as inline is not inlined
slapi.services.impl.pas(6270,80) Note: Call to subroutine "operator :=(const source:AnsiString):Variant;" marked as inline is not inlined
slapi.services.impl.pas(6271,90) Note: Call to subroutine "operator :=(const source:AnsiString):Variant;" marked as inline is not inlined
slapi.services.impl.pas(6272,94) Note: Call to subroutine "operator :=(const source:AnsiString):Variant;" marked as inline is not inlined
slapi.services.impl.pas(6273,96) Note: Call to subroutine "operator :=(const source:AnsiString):Variant;" marked as inline is not inlined
slapi.services.impl.pas(6274,90) Note: Call to subroutine "operator :=(const source:AnsiString):Variant;" marked as inline is not inlined
slapi.services.impl.pas(6275,97) Note: Call to subroutine "operator :=(const source:Boolean):Variant;" marked as inline is not inlined
slapi.services.impl.pas(6277,78) Note: Call to subroutine "operator :=(const source:AnsiString):Variant;" marked as inline is not inlined
slapi.services.impl.pas(6279,65) Note: Call to subroutine "operator :=(const source:AnsiString):Variant;" marked as inline is not inlined
slapi.services.impl.pas(6281,87) Note: Call to subroutine "operator :=(const source:AnsiString):Variant;" marked as inline is not inlined
slapi.services.impl.pas(6283,72) Note: Call to subroutine "operator :=(const source:AnsiString):Variant;" marked as inline is not inlined
slapi.services.impl.pas(6290,7) Note: Call to subroutine "procedure TDocVariantData.Init(const aOptions:TDocVariantOptions=`<set>`);" marked as inline is not inlined
slapi.services.impl.pas(6291,59) Note: Call to subroutine "operator :=(const source:Boolean):Variant;" marked as inline is not inlined
slapi.services.impl.pas(6292,73) Note: Call to subroutine "operator :=(const source:AnsiString):Variant;" marked as inline is not inlined
slapi.services.impl.pas(6293,56) Note: Call to subroutine "operator :=(const source:ShortString):Variant;" marked as inline is not inlined
slapi.services.impl.pas(6332,38) Note: Call to subroutine "function TDocVariantData.GetKind:<enumeration type>;" marked as inline is not inlined
slapi.services.impl.pas(6334,7) Note: Call to subroutine "procedure TDocVariantData.Init(const aOptions:TDocVariantOptions=`<set>`);" marked as inline is not inlined
slapi.services.impl.pas(6335,59) Note: Call to subroutine "operator :=(const source:Boolean):Variant;" marked as inline is not inlined
slapi.services.impl.pas(6336,85) Note: Call to subroutine "operator :=(const source:AnsiString):Variant;" marked as inline is not inlined
slapi.services.impl.pas(6349,116) Note: Call to subroutine "function VariantToUtf8(const V:Variant):AnsiString;" marked as inline is not inlined
slapi.services.impl.pas(6371,7) Note: Call to subroutine "procedure TDocVariantData.Init(const aOptions:TDocVariantOptions=`<set>`);" marked as inline is not inlined
slapi.services.impl.pas(6372,79) Note: Call to subroutine "operator :=(const source:AnsiString):Variant;" marked as inline is not inlined
slapi.services.impl.pas(6373,87) Note: Call to subroutine "operator :=(const source:AnsiString):Variant;" marked as inline is not inlined
slapi.services.impl.pas(6374,87) Note: Call to subroutine "operator :=(const source:AnsiString):Variant;" marked as inline is not inlined
slapi.services.impl.pas(6375,59) Note: Call to subroutine "operator :=(const source:Boolean):Variant;" marked as inline is not inlined
slapi.services.impl.pas(6380,5) Note: Call to subroutine "procedure TDocVariantData.Init(const aOptions:TDocVariantOptions=`<set>`);" marked as inline is not inlined
slapi.services.impl.pas(6381,59) Note: Call to subroutine "operator :=(const source:LongInt):Variant;" marked as inline is not inlined
slapi.services.impl.pas(6382,63) Note: Call to subroutine "operator :=(const source:LongInt):Variant;" marked as inline is not inlined
slapi.services.impl.pas(6383,61) Note: Call to subroutine "operator :=(const source:LongInt):Variant;" marked as inline is not inlined
slapi.services.impl.pas(6386,5) Note: Call to subroutine "procedure TDocVariantData.Init(const aOptions:TDocVariantOptions=`<set>`);" marked as inline is not inlined
slapi.services.impl.pas(6387,56) Note: Call to subroutine "operator :=(const source:Boolean):Variant;" marked as inline is not inlined
slapi.services.impl.pas(6388,52) Note: Call to subroutine "operator :=(const source:ShortString):Variant;" marked as inline is not inlined
slapi.services.impl.pas(6397,7) Note: Call to subroutine "procedure TDocVariantData.Init(const aOptions:TDocVariantOptions=`<set>`);" marked as inline is not inlined
slapi.services.impl.pas(6398,59) Note: Call to subroutine "operator :=(const source:Boolean):Variant;" marked as inline is not inlined
slapi.services.impl.pas(6399,73) Note: Call to subroutine "operator :=(const source:AnsiString):Variant;" marked as inline is not inlined
slapi.services.impl.pas(6481,9) Note: Call to subroutine "procedure TDocVariantData.Init(const aOptions:TDocVariantOptions=`<set>`);" marked as inline is not inlined
slapi.services.impl.pas(6482,71) Note: Call to subroutine "operator :=(const source:UTF8String):Variant;" marked as inline is not inlined
slapi.services.impl.pas(6483,73) Note: Call to subroutine "operator :=(const source:UTF8String):Variant;" marked as inline is not inlined
slapi.services.impl.pas(6484,71) Note: Call to subroutine "operator :=(const source:LongInt):Variant;" marked as inline is not inlined
slapi.services.impl.pas(6485,75) Note: Call to subroutine "operator :=(const source:LongInt):Variant;" marked as inline is not inlined
slapi.services.impl.pas(6486,73) Note: Call to subroutine "operator :=(const source:LongInt):Variant;" marked as inline is not inlined
slapi.services.impl.pas(6487,75) Note: Call to subroutine "operator :=(const source:UTF8String):Variant;" marked as inline is not inlined
slapi.services.impl.pas(6488,81) Note: Call to subroutine "operator :=(const source:UTF8String):Variant;" marked as inline is not inlined
slapi.services.impl.pas(6489,81) Note: Call to subroutine "operator :=(const source:UTF8String):Variant;" marked as inline is not inlined
slapi.services.impl.pas(6490,75) Note: Call to subroutine "operator :=(const source:UTF8String):Variant;" marked as inline is not inlined
slapi.services.impl.pas(6491,106) Note: Call to subroutine "operator :=(const source:Int64):Variant;" marked as inline is not inlined
slapi.services.impl.pas(6492,104) Note: Call to subroutine "operator :=(const source:Int64):Variant;" marked as inline is not inlined
slapi.services.impl.pas(6884,3) Note: Call to subroutine "procedure TDocVariantData.Init(const aOptions:TDocVariantOptions;aKind:TDocVariantKind);" marked as inline is not inlined
slapi.services.impl.pas(6887,70) Note: Call to subroutine "operator :=(const source:ShortString):Variant;" marked as inline is not inlined
slapi.services.impl.pas(6888,80) Note: Call to subroutine "operator :=(const source:ShortString):Variant;" marked as inline is not inlined
slapi.services.impl.pas(6889,82) Note: Call to subroutine "operator :=(const source:ShortString):Variant;" marked as inline is not inlined
slapi.services.impl.pas(6890,72) Note: Call to subroutine "operator :=(const source:ShortString):Variant;" marked as inline is not inlined
slapi.services.impl.pas(6891,90) Note: Call to subroutine "operator :=(const source:ShortString):Variant;" marked as inline is not inlined
slapi.services.impl.pas(6892,86) Note: Call to subroutine "operator :=(const source:ShortString):Variant;" marked as inline is not inlined
slapi.services.impl.pas(6893,86) Note: Call to subroutine "operator :=(const source:ShortString):Variant;" marked as inline is not inlined
slapi.services.impl.pas(6894,84) Note: Call to subroutine "operator :=(const source:ShortString):Variant;" marked as inline is not inlined
slapi.services.impl.pas(6895,74) Note: Call to subroutine "operator :=(const source:ShortString):Variant;" marked as inline is not inlined
slapi.services.impl.pas(6896,88) Note: Call to subroutine "operator :=(const source:ShortString):Variant;" marked as inline is not inlined
slapi.services.impl.pas(6897,84) Note: Call to subroutine "operator :=(const source:ShortString):Variant;" marked as inline is not inlined
slapi.services.impl.pas(6920,59) Note: Call to subroutine "operator :=(const source:AnsiString):Variant;" marked as inline is not inlined
slapi.services.impl.pas(7026,3) Note: Call to subroutine "procedure TDocVariantData.Init(const aOptions:TDocVariantOptions;aKind:TDocVariantKind);" marked as inline is not inlined
slapi.services.impl.pas(7035,46) Note: Call to subroutine "operator :=(const source:UTF8String):Variant;" marked as inline is not inlined
slapi.services.impl.pas(7058,55) Note: Call to subroutine "operator :=(const source:AnsiString):Variant;" marked as inline is not inlined
slapi.services.impl.pas(7067,3) Note: Call to subroutine "procedure TDocVariantData.Init(const aOptions:TDocVariantOptions;aKind:TDocVariantKind);" marked as inline is not inlined
slapi.services.impl.pas(7082,46) Note: Call to subroutine "operator :=(const source:UTF8String):Variant;" marked as inline is not inlined
slapi.services.impl.pas(7089,46) Note: Call to subroutine "operator :=(const source:UTF8String):Variant;" marked as inline is not inlined
slftp.inc(4,3) Note: Local variable "HELP_VERSION" not used
slftp.inc(7,3) Note: Local variable "lib_OpenSSL" not used
slftp.inc(8,3) Note: Local variable "lib_Ncurses" not used
slftp.inc(9,3) Note: Local variable "lib_SQLite3" not used
generics.collections.pas(144,52) Note: Private type "TCustomPointersEnumerator$2<SYSTEM.Int64,SLAPI.SERVICES.IMPL.TCustomList$1$crc713F463B.PT>.T" never used
generics.collections.pas(144,52) Note: Private type "TCustomPointersEnumerator$2<SYSTEM.LongInt,SLAPI.SERVICES.IMPL.TCustomList$1$crc9F312717.PT>.T" never used
generics.collections.pas(144,52) Note: Private type "TCustomPointersEnumerator$2<SLAPI.SERVICES.IMPL.TPair$2<SYSTEM.Int64,SYSTEM.LongInt>,SLAPI.SERVICES.IMPL.TCustomList$1$crc7B268ADA.PT>.T" never used
generics.collections.pas(144,52) Note: Private type "TCustomPointersEnumerator$2<SYSTEM.AnsiString,SLAPI.SERVICES.IMPL.TCustomList$1$crc6824777A.PT>.T" never used
generics.collections.pas(144,52) Note: Private type "TCustomPointersEnumerator$2<SLAPI.SERVICES.IMPL.TSiteCreditsCacheEntry,SLAPI.SERVICES.IMPL.TCustomList$1$crcAA0389BE.PT>.T" never used
generics.collections.pas(144,52) Note: Private type "TCustomPointersEnumerator$2<SLAPI.SERVICES.IMPL.TPair$2<SYSTEM.AnsiString,SLAPI.SERVICES.IMPL.TSiteCreditsCacheEntry>,SLAPI.SERVICES.IMPL.TCustomList$1$crc93773D4C.PT>.T" never used
generics.collections.pas(144,52) Note: Private type "TCustomPointersEnumerator$2<SLAPI.SERVICES.IMPL.TBrowserCacheEntry,SLAPI.SERVICES.IMPL.TCustomList$1$crc440DE892.PT>.T" never used
generics.collections.pas(144,52) Note: Private type "TCustomPointersEnumerator$2<SLAPI.SERVICES.IMPL.TPair$2<SYSTEM.AnsiString,SLAPI.SERVICES.IMPL.TBrowserCacheEntry>,SLAPI.SERVICES.IMPL.TCustomList$1$crcBF37AA96.PT>.T" never used
generics.collections.pas(144,52) Note: Private type "TCustomPointersEnumerator$2<DIRLIST.HELPERS.TParsedDirListEntry,SLAPI.SERVICES.IMPL.TCustomList$1$crcC987A3EC.PT>.T" never used
generics.collections.pas(144,52) Note: Private type "TCustomPointersEnumerator$2<ROUTECONFIG.TSpeedFromRouteInfo,SLAPI.SERVICES.IMPL.TCustomList$1$crcE7D7B0DF.PT>.T" never used
Compiling ./api/slapi.cbftp.pas
slapi.pas(173,12) Warning: Implicit string type conversion with potential data loss from "UnicodeString" to "AnsiString"
slapi.pas(192,12) Warning: Implicit string type conversion with potential data loss from "UnicodeString" to "AnsiString"
slapi.pas(227,11) Warning: Implicit string type conversion with potential data loss from "UnicodeString" to "AnsiString"
slapi.pas(454,11) Warning: Implicit string type conversion with potential data loss from "UnicodeString" to "AnsiString"
slftp.inc(2,3) Note: Local variable "SL_VERSION" not used
slftp.inc(3,3) Note: Local variable "SL_REV" not used
slftp.inc(4,3) Note: Local variable "HELP_VERSION" not used
slftp.inc(7,3) Note: Local variable "lib_OpenSSL" not used
slftp.inc(8,3) Note: Local variable "lib_Ncurses" not used
slftp.inc(9,3) Note: Local variable "lib_SQLite3" not used
slftp.inc(2,3) Note: Local variable "SL_VERSION" not used
slftp.inc(3,3) Note: Local variable "SL_REV" not used
slftp.inc(4,3) Note: Local variable "HELP_VERSION" not used
slftp.inc(7,3) Note: Local variable "lib_OpenSSL" not used
generics.collections.pas(1186,20) Note: Call to subroutine "function TEnumerable<System.AnsiString>.GetEnumerator:TEnumerator$1<SYSTEM.AnsiString>;" marked as inline is not inlined
kb.releaseinfo.pas(682,27) Warning: Implicit string type conversion from "AnsiString" to "UnicodeString"
kb.releaseinfo.pas(688,27) Warning: Implicit string type conversion from "AnsiString" to "UnicodeString"
kb.releaseinfo.pas(690,27) Warning: Implicit string type conversion with potential data loss from "UnicodeString" to "AnsiString"
kb.releaseinfo.pas(1010,48) Warning: Implicit string type conversion from "AnsiString" to "UnicodeString"
kb.releaseinfo.pas(1843,27) Warning: Implicit string type conversion from "AnsiString" to "UnicodeString"
kb.releaseinfo.pas(1844,47) Warning: Implicit string type conversion with potential data loss from "UnicodeString" to "AnsiString"
kb.releaseinfo.pas(1850,49) Warning: Implicit string type conversion from "AnsiString" to "UnicodeString"
kb.releaseinfo.pas(1854,39) Warning: Implicit string type conversion from "AnsiString" to "UnicodeString"
kb.releaseinfo.pas(1857,54) Warning: Implicit string type conversion from "AnsiString" to "UnicodeString"
generics.collections.pas(144,52) Note: Private type "TCustomPointersEnumerator$2<SYSTEM.AnsiString,KB.RELEASEINFO.TCustomList$1$crc6824777A.PT>.T" never used
generics.collections.pas(1186,20) Note: Call to subroutine "function TEnumerable<System.AnsiString>.GetEnumerator:TEnumerator$1<SYSTEM.AnsiString>;" marked as inline is not inlined
generics.collections.pas(1429,15) Note: Call to subroutine "function TCustomList<System.AnsiString>.GetCapacity:Int64;" marked as inline is not inlined
generics.collections.pas(2176,5) Note: Call to subroutine "function TStack<System.AnsiString>.Pop:AnsiString;" marked as inline is not inlined
generics.collections.pas(1186,20) Note: Call to subroutine "function TEnumerable<sltimer.TSLtimer>.GetEnumerator:TEnumerator$1<SLTIMER.TSLtimer>;" marked as inline is not inlined
generics.collections.pas(1429,15) Note: Call to subroutine "function TCustomList<sltimer.TSLtimer>.GetCapacity:Int64;" marked as inline is not inlined
generics.collections.pas(2176,5) Note: Call to subroutine "function TStack<sltimer.TSLtimer>.Pop:TSLtimer;" marked as inline is not inlined
generics.collections.pas(1186,20) Note: Call to subroutine "function TEnumerable<System.Double>.GetEnumerator:TEnumerator$1<SYSTEM.Double>;" marked as inline is not inlined
generics.collections.pas(1186,20) Note: Call to subroutine "function TEnumerable<slcriticalsection2.TPair<System.AnsiString,System.Double>>.GetEnumerator:TEnumerator$1<SLCRITICALSECTION2.TPair$2<SYSTEM.AnsiString,SYSTEM.Double>>;" marked as inline is not inlined
generics.defaults.pas(2634,1) Warning: function result variable of a managed type does not seem to be initialized
generics.dictionaries.inc(191,92) Warning: Constructing a class "TCustomDictionaryEnumerator$4$crc251CD67F" with abstract method "DoMoveNext"
generics.dictionaries.inc(191,92) Warning: Constructing a class "TCustomDictionaryEnumerator$4$crc251CD67F" with abstract method "GetCurrent"
generics.dictionaries.inc(191,92) Warning: Constructing a class "TCustomDictionaryEnumerator$4$crc7E4B129E" with abstract method "DoMoveNext"
generics.dictionaries.inc(191,92) Warning: Constructing a class "TCustomDictionaryEnumerator$4$crc7E4B129E" with abstract method "GetCurrent"
generics.defaults.pas(2634,1) Warning: function result variable of a managed type does not seem to be initialized
generics.collections.pas(1186,20) Note: Call to subroutine "function TEnumerable<System.LongInt>.GetEnumerator:TEnumerator$1<SYSTEM.LongInt>;" marked as inline is not inlined
generics.collections.pas(1186,20) Note: Call to subroutine "function TEnumerable<slcriticalsection2.TPair<System.AnsiString,System.LongInt>>.GetEnumerator:TEnumerator$1<SLCRITICALSECTION2.TPair$2<SYSTEM.AnsiString,SYSTEM.LongInt>>;" marked as inline is not inlined
generics.dictionaries.inc(191,92) Warning: Constructing a class "TCustomDictionaryEnumerator$4$crc3557DBD5" with abstract method "DoMoveNext"
generics.dictionaries.inc(191,92) Warning: Constructing a class "TCustomDictionaryEnumerator$4$crc3557DBD5" with abstract method "GetCurrent"
generics.dictionaries.inc(191,92) Warning: Constructing a class "TCustomDictionaryEnumerator$4$crc78D6A1DB" with abstract method "DoMoveNext"
generics.dictionaries.inc(191,92) Warning: Constructing a class "TCustomDictionaryEnumerator$4$crc78D6A1DB" with abstract method "GetCurrent"
generics.defaults.pas(2634,1) Warning: function result variable of a managed type does not seem to be initialized
generics.collections.pas(1186,20) Note: Call to subroutine "function TEnumerable<slcriticalsection2.TslCriticalSection2>.GetEnumerator:TEnumerator$1<SLCRITICALSECTION2.TslCriticalSection2>;" marked as inline is not inlined
generics.collections.pas(1186,20) Note: Call to subroutine "function TEnumerable<slcriticalsection2.TPair<System.AnsiString,slcriticalsection2.TslCriticalSection2>>.GetEnumerator:TEnumerator$1<SLCRITICALSECTION2.TPair$2<SYSTEM.AnsiString,SLCRITICALSECTION2.TslCriticalSection2>>;" marked as inline is not inlined
generics.dictionaries.inc(191,92) Warning: Constructing a class "TCustomDictionaryEnumerator$4$crc70CC42F6" with abstract method "DoMoveNext"
generics.dictionaries.inc(191,92) Warning: Constructing a class "TCustomDictionaryEnumerator$4$crc70CC42F6" with abstract method "GetCurrent"
generics.dictionaries.inc(191,92) Warning: Constructing a class "TCustomDictionaryEnumerator$4$crc0C212D84" with abstract method "DoMoveNext"
generics.dictionaries.inc(191,92) Warning: Constructing a class "TCustomDictionaryEnumerator$4$crc0C212D84" with abstract method "GetCurrent"
generics.defaults.pas(2634,1) Warning: function result variable of a managed type does not seem to be initialized
generics.collections.pas(1186,20) Note: Call to subroutine "function TEnumerable<slcriticalsection2.TEntryData>.GetEnumerator:TEnumerator$1<SLCRITICALSECTION2.TEntryData>;" marked as inline is not inlined
generics.collections.pas(144,52) Note: Private type "TCustomPointersEnumerator$2<SYSTEM.AnsiString,SLCRITICALSECTION2.TCustomList$1$crc6824777A.PT>.T" never used
generics.collections.pas(144,52) Note: Private type "TCustomPointersEnumerator$2<SLTIMER.TSLtimer,SLCRITICALSECTION2.TCustomList$1$crc8311BF52.PT>.T" never used
generics.collections.pas(144,52) Note: Private type "TCustomPointersEnumerator$2<SLCRITICALSECTION2.TPair$2<SYSTEM.AnsiString,SYSTEM.Double>,SLCRITICALSECTION2.TCustomList$1$crc9751DAF7.PT>.T" never used
generics.collections.pas(144,52) Note: Private type "TCustomPointersEnumerator$2<SYSTEM.Double,SLCRITICALSECTION2.TCustomList$1$crcFD0234A9.PT>.T" never used
generics.collections.pas(144,52) Note: Private type "TCustomPointersEnumerator$2<SYSTEM.LongInt,SLCRITICALSECTION2.TCustomList$1$crc9F312717.PT>.T" never used
generics.collections.pas(144,52) Note: Private type "TCustomPointersEnumerator$2<SLCRITICALSECTION2.TPair$2<SYSTEM.AnsiString,SYSTEM.LongInt>,SLCRITICALSECTION2.TCustomList$1$crcB403EDFE.PT>.T" never used
generics.collections.pas(144,52) Note: Private type "TCustomPointersEnumerator$2<SLCRITICALSECTION2.TslCriticalSection2,SLCRITICALSECTION2.TCustomList$1$crcF2461310.PT>.T" never used
generics.collections.pas(144,52) Note: Private type "TCustomPointersEnumerator$2<SLCRITICALSECTION2.TPair$2<SYSTEM.AnsiString,SLCRITICALSECTION2.TslCriticalSection2>,SLCRITICALSECTION2.TCustomList$1$crcB1BC83EF.PT>.T" never used
generics.collections.pas(144,52) Note: Private type "TCustomPointersEnumerator$2<SLCRITICALSECTION2.TEntryData,SLCRITICALSECTION2.TCustomList$1$crc190C266F.PT>.T" never used
Linking slftp
975617 lines compiled, 33.8 sec
576 warning(s) issued
1326 note(s) issued
